"id","name","code","department_id","description"
"1","Medellín","05001","2","Medellín - Antioquia"
"2","Abejorral","05002","2","Abejorral - Antioquia"
"3","Abriaquí","05004","2","Abriaquí - Antioquia"
"4","Alejandría","05021","2","Alejandría - Antioquia"
"5","Amagá","05030","2","Amagá - Antioquia"
"6","Amalfi","05031","2","Amalfi - Antioquia"
"7","Andes","05034","2","Andes - Antioquia"
"8","Angelópolis","05036","2","Angelópolis - Antioquia"
"9","Angostura","05038","2","Angostura - Antioquia"
"10","Anorí","05040","2","Anorí - Antioquia"
"11","Santa Fé De Antioquia","05042","2","Santa Fé De Antioquia - Antioquia"
"12","Anzá","05044","2","Anzá - Antioquia"
"13","Apartadó","05045","2","Apartadó - Antioquia"
"14","Arboletes","05051","2","Arboletes - Antioquia"
"15","Argelia","05055","2","Argelia - Antioquia"
"16","Armenia","05059","2","Armenia - Antioquia"
"17","Barbosa","05079","2","Barbosa - Antioquia"
"18","Belmira","05086","2","Belmira - Antioquia"
"19","Bello","05088","2","Bello - Antioquia"
"20","Betania","05091","2","Betania - Antioquia"
"21","Betulia","05093","2","Betulia - Antioquia"
"22","Ciudad Bolívar ","05101","2","Ciudad Bolívar - Antioquia"
"23","Briceño","05107","2","Briceño - Antioquia"
"24","Buriticá","05113","2","Buriticá - Antioquia"
"25","Cáceres","05120","2","Cáceres - Antioquia"
"26","Caicedo","05125","2","Caicedo - Antioquia"
"27","Caldas","05129","2","Caldas - Antioquia"
"28","Campamento","05134","2","Campamento - Antioquia"
"29","Cañasgordas","05138","2","Cañasgordas - Antioquia"
"30","Caracolí","05142","2","Caracolí - Antioquia"
"31","Caramanta","05145","2","Caramanta - Antioquia"
"32","Carepa","05147","2","Carepa - Antioquia"
"33","El Carmen De Viboral","05148","2","El Carmen De Viboral - Antioquia"
"34","Carolina","05150","2","Carolina - Antioquia"
"35","Caucasia","05154","2","Caucasia - Antioquia"
"36","Chigorodó","05172","2","Chigorodó - Antioquia"
"37","Cisneros","05190","2","Cisneros - Antioquia"
"38","Cocorná","05197","2","Cocorná - Antioquia"
"39","Concepción","05206","2","Concepción - Antioquia"
"40","Concordia","05209","2","Concordia - Antioquia"
"41","Copacabana","05212","2","Copacabana - Antioquia"
"42","Dabeiba","05234","2","Dabeiba - Antioquia"
"43","Donmatías","05237","2","Donmatías - Antioquia"
"44","Ebéjico","05240","2","Ebéjico - Antioquia"
"45","El Bagre ","05250","2","El Bagre - Antioquia"
"46","Entrerríos","05264","2","Entrerríos - Antioquia"
"47","Envigado","05266","2","Envigado - Antioquia"
"48","Fredonia","05282","2","Fredonia - Antioquia"
"49","Frontino","05284","2","Frontino - Antioquia"
"50","Giraldo","05306","2","Giraldo - Antioquia"
"51","Girardota","05308","2","Girardota - Antioquia"
"52","Gómez Plata ","05310","2","Gómez Plata - Antioquia"
"53","Granada","05313","2","Granada - Antioquia"
"54","Guadalupe","05315","2","Guadalupe - Antioquia"
"55","Guarne","05318","2","Guarne - Antioquia"
"56","Guatapé","05321","2","Guatapé - Antioquia"
"57","Heliconia","05347","2","Heliconia - Antioquia"
"58","Hispania","05353","2","Hispania - Antioquia"
"59","Itagüí","05360","2","Itagüí - Antioquia"
"60","Ituango","05361","2","Ituango - Antioquia"
"61","Jardín","05364","2","Jardín - Antioquia"
"62","Jericó","05368","2","Jericó - Antioquia"
"63","La Ceja ","05376","2","La Ceja - Antioquia"
"64","La Estrella ","05380","2","La Estrella - Antioquia"
"65","La Pintada ","05390","2","La Pintada - Antioquia"
"66","La Unión ","05400","2","La Unión - Antioquia"
"67","Liborina","05411","2","Liborina - Antioquia"
"68","Maceo","05425","2","Maceo - Antioquia"
"69","Marinilla","05440","2","Marinilla - Antioquia"
"70","Montebello","05467","2","Montebello - Antioquia"
"71","Murindó","05475","2","Murindó - Antioquia"
"72","Mutatá","05480","2","Mutatá - Antioquia"
"73","Nariño","05483","2","Nariño - Antioquia"
"74","Necoclí","05490","2","Necoclí - Antioquia"
"75","Nechí","05495","2","Nechí - Antioquia"
"76","Olaya","05501","2","Olaya - Antioquia"
"77","Peñol","05541","2","Peñol - Antioquia"
"78","Peque","05543","2","Peque - Antioquia"
"79","Pueblorrico","05576","2","Pueblorrico - Antioquia"
"80","Puerto Berrío ","05579","2","Puerto Berrío - Antioquia"
"81","Puerto Nare ","05585","2","Puerto Nare - Antioquia"
"82","Puerto Triunfo ","05591","2","Puerto Triunfo - Antioquia"
"83","Remedios","05604","2","Remedios - Antioquia"
"84","Retiro","05607","2","Retiro - Antioquia"
"85","Rionegro","05615","2","Rionegro - Antioquia"
"86","Sabanalarga","05628","2","Sabanalarga - Antioquia"
"87","Sabaneta","05631","2","Sabaneta - Antioquia"
"88","Salgar","05642","2","Salgar - Antioquia"
"89","San Andrés De Cuerquía","05647","2","San Andrés De Cuerquía - Antioquia"
"90","San Carlos ","05649","2","San Carlos - Antioquia"
"91","San Francisco ","05652","2","San Francisco - Antioquia"
"92","San Jerónimo ","05656","2","San Jerónimo - Antioquia"
"93","San José De La Montaña ","05658","2","San José De La Montaña - Antioquia"
"94","San Juan De Urabá","05659","2","San Juan De Urabá - Antioquia"
"95","San Luis ","05660","2","San Luis - Antioquia"
"96","San Pedro De Los Milagros ","05664","2","San Pedro De Los Milagros - Antioquia"
"97","San Pedro De Urabá","05665","2","San Pedro De Urabá - Antioquia"
"98","San Rafael ","05667","2","San Rafael - Antioquia"
"99","San Roque ","05670","2","San Roque - Antioquia"
"100","San Vicente Ferrer","05674","2","San Vicente Ferrer - Antioquia"
"101","Santa Bárbara ","05679","2","Santa Bárbara - Antioquia"
"102","Santa Rosa De Osos","05686","2","Santa Rosa De Osos - Antioquia"
"103","Santo Domingo ","05690","2","Santo Domingo - Antioquia"
"104","El Santuario ","05697","2","El Santuario - Antioquia"
"105","Segovia","05736","2","Segovia - Antioquia"
"106","Sonsón","05756","2","Sonsón - Antioquia"
"107","Sopetrán","05761","2","Sopetrán - Antioquia"
"108","Támesis","05789","2","Támesis - Antioquia"
"109","Tarazá","05790","2","Tarazá - Antioquia"
"110","Tarso","05792","2","Tarso - Antioquia"
"111","Titiribí","05809","2","Titiribí - Antioquia"
"112","Toledo","05819","2","Toledo - Antioquia"
"113","Turbo","05837","2","Turbo - Antioquia"
"114","Uramita","05842","2","Uramita - Antioquia"
"115","Urrao","05847","2","Urrao - Antioquia"
"116","Valdivia","05854","2","Valdivia - Antioquia"
"117","Valparaíso","05856","2","Valparaíso - Antioquia"
"118","Vegachí","05858","2","Vegachí - Antioquia"
"119","Venecia","05861","2","Venecia - Antioquia"
"120","Vigía Del Fuerte","05873","2","Vigía Del Fuerte - Antioquia"
"121","Yalí","05885","2","Yalí - Antioquia"
"122","Yarumal","05887","2","Yarumal - Antioquia"
"123","Yolombó","05890","2","Yolombó - Antioquia"
"124","Yondó","05893","2","Yondó - Antioquia"
"125","Zaragoza","05895","2","Zaragoza - Antioquia"
"126","Barranquilla","08001","4","Barranquilla - Atlántico"
"127","Baranoa","08078","4","Baranoa - Atlántico"
"128","Campo De La Cruz","08137","4","Campo De La Cruz - Atlántico"
"129","Candelaria","08141","4","Candelaria - Atlántico"
"130","Galapa","08296","4","Galapa - Atlántico"
"131","Juan De Acosta","08372","4","Juan De Acosta - Atlántico"
"132","Luruaco","08421","4","Luruaco - Atlántico"
"133","Malambo","08433","4","Malambo - Atlántico"
"134","Manatí","08436","4","Manatí - Atlántico"
"135","Palmar De Varela","08520","4","Palmar De Varela - Atlántico"
"136","Piojó","08549","4","Piojó - Atlántico"
"137","Polonuevo","08558","4","Polonuevo - Atlántico"
"138","Ponedera","08560","4","Ponedera - Atlántico"
"139","Puerto Colombia ","08573","4","Puerto Colombia - Atlántico"
"140","Repelón","08606","4","Repelón - Atlántico"
"141","Sabanagrande","08634","4","Sabanagrande - Atlántico"
"142","Sabanalarga","08638","4","Sabanalarga - Atlántico"
"143","Santa Lucía ","08675","4","Santa Lucía - Atlántico"
"144","Santo Tomás ","08685","4","Santo Tomás - Atlántico"
"145","Soledad","08758","4","Soledad - Atlántico"
"146","Suan","08770","4","Suan - Atlántico"
"147","Tubará","08832","4","Tubará - Atlántico"
"148","Usiacurí","08849","4","Usiacurí - Atlántico"
"149","Bogotá, D.c. ","11001","5","Bogotá, D.c. - Bogotá"
"150","Cartagena De Indias","13001","6","Cartagena De Indias - Bolívar"
"151","Achí","13006","6","Achí - Bolívar"
"152","Altos Del Rosario","13030","6","Altos Del Rosario - Bolívar"
"153","Arenal","13042","6","Arenal - Bolívar"
"154","Arjona","13052","6","Arjona - Bolívar"
"155","Arroyohondo","13062","6","Arroyohondo - Bolívar"
"156","Barranco De Loba","13074","6","Barranco De Loba - Bolívar"
"157","Calamar","13140","6","Calamar - Bolívar"
"158","Cantagallo","13160","6","Cantagallo - Bolívar"
"159","Cicuco","13188","6","Cicuco - Bolívar"
"160","Córdoba","13212","6","Córdoba - Bolívar"
"161","Clemencia","13222","6","Clemencia - Bolívar"
"162","El Carmen De Bolívar","13244","6","El Carmen De Bolívar - Bolívar"
"163","El Guamo ","13248","6","El Guamo - Bolívar"
"164","El Peñón ","13268","6","El Peñón - Bolívar"
"165","Hatillo De Loba","13300","6","Hatillo De Loba - Bolívar"
"166","Magangué","13430","6","Magangué - Bolívar"
"167","Mahates","13433","6","Mahates - Bolívar"
"168","Margarita","13440","6","Margarita - Bolívar"
"169","María La Baja","13442","6","María La Baja - Bolívar"
"170","Montecristo","13458","6","Montecristo - Bolívar"
"171","Mompós","13468","6","Mompós - Bolívar"
"172","Morales","13473","6","Morales - Bolívar"
"173","Norosí","13490","6","Norosí - Bolívar"
"174","Pinillos","13549","6","Pinillos - Bolívar"
"175","Regidor","13580","6","Regidor - Bolívar"
"176","Río Viejo ","13600","6","Río Viejo - Bolívar"
"177","San Cristóbal ","13620","6","San Cristóbal - Bolívar"
"178","San Estanislao ","13647","6","San Estanislao - Bolívar"
"179","San Fernando ","13650","6","San Fernando - Bolívar"
"180","San Jacinto ","13654","6","San Jacinto - Bolívar"
"181","San Jacinto Del Cauca","13655","6","San Jacinto Del Cauca - Bolívar"
"182","San Juan Nepomuceno","13657","6","San Juan Nepomuceno - Bolívar"
"183","San Martín De Loba","13667","6","San Martín De Loba - Bolívar"
"184","San Pablo ","13670","6","San Pablo - Bolívar"
"185","Santa Catalina ","13673","6","Santa Catalina - Bolívar"
"186","Santa Rosa ","13683","6","Santa Rosa - Bolívar"
"187","Santa Rosa Del Sur","13688","6","Santa Rosa Del Sur - Bolívar"
"188","Simití","13744","6","Simití - Bolívar"
"189","Soplaviento","13760","6","Soplaviento - Bolívar"
"190","Talaigua Nuevo ","13780","6","Talaigua Nuevo - Bolívar"
"191","Tiquisio","13810","6","Tiquisio - Bolívar"
"192","Turbaco","13836","6","Turbaco - Bolívar"
"193","Turbaná","13838","6","Turbaná - Bolívar"
"194","Villanueva","13873","6","Villanueva - Bolívar"
"195","Zambrano","13894","6","Zambrano - Bolívar"
"196","Tunja","15001","7","Tunja - Boyacá"
"197","Almeida","15022","7","Almeida - Boyacá"
"198","Aquitania","15047","7","Aquitania - Boyacá"
"199","Arcabuco","15051","7","Arcabuco - Boyacá"
"200","Belén","15087","7","Belén - Boyacá"
"201","Berbeo","15090","7","Berbeo - Boyacá"
"202","Betéitiva","15092","7","Betéitiva - Boyacá"
"203","Boavita","15097","7","Boavita - Boyacá"
"204","Boyacá","15104","7","Boyacá - Boyacá"
"205","Briceño","15106","7","Briceño - Boyacá"
"206","Buenavista","15109","7","Buenavista - Boyacá"
"207","Busbanzá","15114","7","Busbanzá - Boyacá"
"208","Caldas","15131","7","Caldas - Boyacá"
"209","Campohermoso","15135","7","Campohermoso - Boyacá"
"210","Cerinza","15162","7","Cerinza - Boyacá"
"211","Chinavita","15172","7","Chinavita - Boyacá"
"212","Chiquinquirá","15176","7","Chiquinquirá - Boyacá"
"213","Chiscas","15180","7","Chiscas - Boyacá"
"214","Chita","15183","7","Chita - Boyacá"
"215","Chitaraque","15185","7","Chitaraque - Boyacá"
"216","Chivatá","15187","7","Chivatá - Boyacá"
"217","Ciénega","15189","7","Ciénega - Boyacá"
"218","Cómbita","15204","7","Cómbita - Boyacá"
"219","Coper","15212","7","Coper - Boyacá"
"220","Corrales","15215","7","Corrales - Boyacá"
"221","Covarachía","15218","7","Covarachía - Boyacá"
"222","Cubará","15223","7","Cubará - Boyacá"
"223","Cucaita","15224","7","Cucaita - Boyacá"
"224","Cuítiva","15226","7","Cuítiva - Boyacá"
"225","Chíquiza","15232","7","Chíquiza - Boyacá"
"226","Chivor","15236","7","Chivor - Boyacá"
"227","Duitama","15238","7","Duitama - Boyacá"
"228","El Cocuy ","15244","7","El Cocuy - Boyacá"
"229","El Espino ","15248","7","El Espino - Boyacá"
"230","Firavitoba","15272","7","Firavitoba - Boyacá"
"231","Floresta","15276","7","Floresta - Boyacá"
"232","Gachantivá","15293","7","Gachantivá - Boyacá"
"233","Gámeza","15296","7","Gámeza - Boyacá"
"234","Garagoa","15299","7","Garagoa - Boyacá"
"235","Guacamayas","15317","7","Guacamayas - Boyacá"
"236","Guateque","15322","7","Guateque - Boyacá"
"237","Guayatá","15325","7","Guayatá - Boyacá"
"238","Güicán De La Sierra","15332","7","Güicán De La Sierra - Boyacá"
"239","Iza","15362","7","Iza - Boyacá"
"240","Jenesano","15367","7","Jenesano - Boyacá"
"241","Jericó","15368","7","Jericó - Boyacá"
"242","Labranzagrande","15377","7","Labranzagrande - Boyacá"
"243","La Capilla ","15380","7","La Capilla - Boyacá"
"244","La Victoria ","15401","7","La Victoria - Boyacá"
"245","La Uvita ","15403","7","La Uvita - Boyacá"
"246","Villa De Leyva","15407","7","Villa De Leyva - Boyacá"
"247","Macanal","15425","7","Macanal - Boyacá"
"248","Maripí","15442","7","Maripí - Boyacá"
"249","Miraflores","15455","7","Miraflores - Boyacá"
"250","Mongua","15464","7","Mongua - Boyacá"
"251","Monguí","15466","7","Monguí - Boyacá"
"252","Moniquirá","15469","7","Moniquirá - Boyacá"
"253","Motavita","15476","7","Motavita - Boyacá"
"254","Muzo","15480","7","Muzo - Boyacá"
"255","Nobsa","15491","7","Nobsa - Boyacá"
"256","Nuevo Colón ","15494","7","Nuevo Colón - Boyacá"
"257","Oicatá","15500","7","Oicatá - Boyacá"
"258","Otanche","15507","7","Otanche - Boyacá"
"259","Pachavita","15511","7","Pachavita - Boyacá"
"260","Páez","15514","7","Páez - Boyacá"
"261","Paipa","15516","7","Paipa - Boyacá"
"262","Pajarito","15518","7","Pajarito - Boyacá"
"263","Panqueba","15522","7","Panqueba - Boyacá"
"264","Pauna","15531","7","Pauna - Boyacá"
"265","Paya","15533","7","Paya - Boyacá"
"266","Paz De Río","15537","7","Paz De Río - Boyacá"
"267","Pesca","15542","7","Pesca - Boyacá"
"268","Pisba","15550","7","Pisba - Boyacá"
"269","Puerto Boyacá ","15572","7","Puerto Boyacá - Boyacá"
"270","Quípama","15580","7","Quípama - Boyacá"
"271","Ramiriquí","15599","7","Ramiriquí - Boyacá"
"272","Ráquira","15600","7","Ráquira - Boyacá"
"273","Rondón","15621","7","Rondón - Boyacá"
"274","Saboyá","15632","7","Saboyá - Boyacá"
"275","Sáchica","15638","7","Sáchica - Boyacá"
"276","Samacá","15646","7","Samacá - Boyacá"
"277","San Eduardo ","15660","7","San Eduardo - Boyacá"
"278","San José De Pare","15664","7","San José De Pare - Boyacá"
"279","San Luis De Gaceno","15667","7","San Luis De Gaceno - Boyacá"
"280","San Mateo ","15673","7","San Mateo - Boyacá"
"281","San Miguel De Sema","15676","7","San Miguel De Sema - Boyacá"
"282","San Pablo De Borbur","15681","7","San Pablo De Borbur - Boyacá"
"283","Santana","15686","7","Santana - Boyacá"
"284","Santa María ","15690","7","Santa María - Boyacá"
"285","Santa Rosa De Viterbo","15693","7","Santa Rosa De Viterbo - Boyacá"
"286","Santa Sofía ","15696","7","Santa Sofía - Boyacá"
"287","Sativanorte","15720","7","Sativanorte - Boyacá"
"288","Sativasur","15723","7","Sativasur - Boyacá"
"289","Siachoque","15740","7","Siachoque - Boyacá"
"290","Soatá","15753","7","Soatá - Boyacá"
"291","Socotá","15755","7","Socotá - Boyacá"
"292","Socha","15757","7","Socha - Boyacá"
"293","Sogamoso","15759","7","Sogamoso - Boyacá"
"294","Somondoco","15761","7","Somondoco - Boyacá"
"295","Sora","15762","7","Sora - Boyacá"
"296","Sotaquirá","15763","7","Sotaquirá - Boyacá"
"297","Soracá","15764","7","Soracá - Boyacá"
"298","Susacón","15774","7","Susacón - Boyacá"
"299","Sutamarchán","15776","7","Sutamarchán - Boyacá"
"300","Sutatenza","15778","7","Sutatenza - Boyacá"
"301","Tasco","15790","7","Tasco - Boyacá"
"302","Tenza","15798","7","Tenza - Boyacá"
"303","Tibaná","15804","7","Tibaná - Boyacá"
"304","Tibasosa","15806","7","Tibasosa - Boyacá"
"305","Tinjacá","15808","7","Tinjacá - Boyacá"
"306","Tipacoque","15810","7","Tipacoque - Boyacá"
"307","Toca","15814","7","Toca - Boyacá"
"308","Togüí","15816","7","Togüí - Boyacá"
"309","Tópaga","15820","7","Tópaga - Boyacá"
"310","Tota","15822","7","Tota - Boyacá"
"311","Tununguá","15832","7","Tununguá - Boyacá"
"312","Turmequé","15835","7","Turmequé - Boyacá"
"313","Tuta","15837","7","Tuta - Boyacá"
"314","Tutazá","15839","7","Tutazá - Boyacá"
"315","Úmbita","15842","7","Úmbita - Boyacá"
"316","Ventaquemada","15861","7","Ventaquemada - Boyacá"
"317","Viracachá","15879","7","Viracachá - Boyacá"
"318","Zetaquira","15897","7","Zetaquira - Boyacá"
"319","Manizales","17001","8","Manizales - Caldas"
"320","Aguadas","17013","8","Aguadas - Caldas"
"321","Anserma","17042","8","Anserma - Caldas"
"322","Aranzazu","17050","8","Aranzazu - Caldas"
"323","Belalcázar","17088","8","Belalcázar - Caldas"
"324","Chinchiná","17174","8","Chinchiná - Caldas"
"325","Filadelfia","17272","8","Filadelfia - Caldas"
"326","La Dorada ","17380","8","La Dorada - Caldas"
"327","La Merced ","17388","8","La Merced - Caldas"
"328","Manzanares","17433","8","Manzanares - Caldas"
"329","Marmato","17442","8","Marmato - Caldas"
"330","Marquetalia","17444","8","Marquetalia - Caldas"
"331","Marulanda","17446","8","Marulanda - Caldas"
"332","Neira","17486","8","Neira - Caldas"
"333","Norcasia","17495","8","Norcasia - Caldas"
"334","Pácora","17513","8","Pácora - Caldas"
"335","Palestina","17524","8","Palestina - Caldas"
"336","Pensilvania","17541","8","Pensilvania - Caldas"
"337","Riosucio","17614","8","Riosucio - Caldas"
"338","Risaralda","17616","8","Risaralda - Caldas"
"339","Salamina","17653","8","Salamina - Caldas"
"340","Samaná","17662","8","Samaná - Caldas"
"341","San José ","17665","8","San José - Caldas"
"342","Supía","17777","8","Supía - Caldas"
"343","Victoria","17867","8","Victoria - Caldas"
"344","Villamaría","17873","8","Villamaría - Caldas"
"345","Viterbo","17877","8","Viterbo - Caldas"
"346","Florencia","18001","9","Florencia - Caquetá"
"347","Albania","18029","9","Albania - Caquetá"
"348","Belén De Los Andaquíes","18094","9","Belén De Los Andaquíes - Caquetá"
"349","Cartagena Del Chairá","18150","9","Cartagena Del Chairá - Caquetá"
"350","Curillo","18205","9","Curillo - Caquetá"
"351","El Doncello ","18247","9","El Doncello - Caquetá"
"352","El Paujíl ","18256","9","El Paujíl - Caquetá"
"353","La Montañita ","18410","9","La Montañita - Caquetá"
"354","Milán","18460","9","Milán - Caquetá"
"355","Morelia","18479","9","Morelia - Caquetá"
"356","Puerto Rico ","18592","9","Puerto Rico - Caquetá"
"357","San José Del Fragua","18610","9","San José Del Fragua - Caquetá"
"358","San Vicente Del Caguán","18753","9","San Vicente Del Caguán - Caquetá"
"359","Solano","18756","9","Solano - Caquetá"
"360","Solita","18785","9","Solita - Caquetá"
"361","Valparaíso","18860","9","Valparaíso - Caquetá"
"362","Popayán","19001","11","Popayán - Cauca"
"363","Almaguer","19022","11","Almaguer - Cauca"
"364","Argelia","19050","11","Argelia - Cauca"
"365","Balboa","19075","11","Balboa - Cauca"
"366","Bolívar","19100","11","Bolívar - Cauca"
"367","Buenos Aires ","19110","11","Buenos Aires - Cauca"
"368","Cajibío","19130","11","Cajibío - Cauca"
"369","Caldono","19137","11","Caldono - Cauca"
"370","Caloto","19142","11","Caloto - Cauca"
"371","Corinto","19212","11","Corinto - Cauca"
"372","El Tambo ","19256","11","El Tambo - Cauca"
"373","Florencia","19290","11","Florencia - Cauca"
"374","Guachené","19300","11","Guachené - Cauca"
"375","Guapí","19318","11","Guapí - Cauca"
"376","Inzá","19355","11","Inzá - Cauca"
"377","Jambaló","19364","11","Jambaló - Cauca"
"378","La Sierra ","19392","11","La Sierra - Cauca"
"379","La Vega ","19397","11","La Vega - Cauca"
"380","López De Micay","19418","11","López De Micay - Cauca"
"381","Mercaderes","19450","11","Mercaderes - Cauca"
"382","Miranda","19455","11","Miranda - Cauca"
"383","Morales","19473","11","Morales - Cauca"
"384","Padilla","19513","11","Padilla - Cauca"
"385","Páez","19517","11","Páez - Cauca"
"386","Patía","19532","11","Patía - Cauca"
"387","Piamonte","19533","11","Piamonte - Cauca"
"388","Piendamó - Tunía","19548","11","Piendamó - Tunía - Cauca"
"389","Puerto Tejada ","19573","11","Puerto Tejada - Cauca"
"390","Puracé","19585","11","Puracé - Cauca"
"391","Rosas","19622","11","Rosas - Cauca"
"392","San Sebastián ","19693","11","San Sebastián - Cauca"
"393","Santander De Quilichao","19698","11","Santander De Quilichao - Cauca"
"394","Santa Rosa ","19701","11","Santa Rosa - Cauca"
"395","Silvia","19743","11","Silvia - Cauca"
"396","Sotara","19760","11","Sotara - Cauca"
"397","Suárez","19780","11","Suárez - Cauca"
"398","Sucre","19785","11","Sucre - Cauca"
"399","Timbío","19807","11","Timbío - Cauca"
"400","Timbiquí","19809","11","Timbiquí - Cauca"
"401","Toribío","19821","11","Toribío - Cauca"
"402","Totoró","19824","11","Totoró - Cauca"
"403","Villa Rica ","19845","11","Villa Rica - Cauca"
"404","Valledupar","20001","12","Valledupar - Cesar"
"405","Aguachica","20011","12","Aguachica - Cesar"
"406","Agustín Codazzi ","20013","12","Agustín Codazzi - Cesar"
"407","Astrea","20032","12","Astrea - Cesar"
"408","Becerril","20045","12","Becerril - Cesar"
"409","Bosconia","20060","12","Bosconia - Cesar"
"410","Chimichagua","20175","12","Chimichagua - Cesar"
"411","Chiriguaná","20178","12","Chiriguaná - Cesar"
"412","Curumaní","20228","12","Curumaní - Cesar"
"413","El Copey ","20238","12","El Copey - Cesar"
"414","El Paso ","20250","12","El Paso - Cesar"
"415","Gamarra","20295","12","Gamarra - Cesar"
"416","González","20310","12","González - Cesar"
"417","La Gloria ","20383","12","La Gloria - Cesar"
"418","La Jagua De Ibirico","20400","12","La Jagua De Ibirico - Cesar"
"419","Manaure Balcón Del Cesar","20443","12","Manaure Balcón Del Cesar - Cesar"
"420","Pailitas","20517","12","Pailitas - Cesar"
"421","Pelaya","20550","12","Pelaya - Cesar"
"422","Pueblo Bello ","20570","12","Pueblo Bello - Cesar"
"423","Río De Oro","20614","12","Río De Oro - Cesar"
"424","La Paz ","20621","12","La Paz - Cesar"
"425","San Alberto ","20710","12","San Alberto - Cesar"
"426","San Diego ","20750","12","San Diego - Cesar"
"427","San Martín ","20770","12","San Martín - Cesar"
"428","Tamalameque","20787","12","Tamalameque - Cesar"
"429","Montería","23001","14","Montería - Córdoba"
"430","Ayapel","23068","14","Ayapel - Córdoba"
"431","Buenavista","23079","14","Buenavista - Córdoba"
"432","Canalete","23090","14","Canalete - Córdoba"
"433","Cereté","23162","14","Cereté - Córdoba"
"434","Chimá","23168","14","Chimá - Córdoba"
"435","Chinú","23182","14","Chinú - Córdoba"
"436","Ciénaga De Oro","23189","14","Ciénaga De Oro - Córdoba"
"437","Cotorra","23300","14","Cotorra - Córdoba"
"438","La Apartada ","23350","14","La Apartada - Córdoba"
"439","Lorica","23417","14","Lorica - Córdoba"
"440","Los Córdobas ","23419","14","Los Córdobas - Córdoba"
"441","Momil","23464","14","Momil - Córdoba"
"442","Montelíbano","23466","14","Montelíbano - Córdoba"
"443","Moñitos","23500","14","Moñitos - Córdoba"
"444","Planeta Rica ","23555","14","Planeta Rica - Córdoba"
"445","Pueblo Nuevo ","23570","14","Pueblo Nuevo - Córdoba"
"446","Puerto Escondido ","23574","14","Puerto Escondido - Córdoba"
"447","Puerto Libertador ","23580","14","Puerto Libertador - Córdoba"
"448","Purísima De La Concepción","23586","14","Purísima De La Concepción - Córdoba"
"449","Sahagún","23660","14","Sahagún - Córdoba"
"450","San Andrés De Sotavento","23670","14","San Andrés De Sotavento - Córdoba"
"451","San Antero ","23672","14","San Antero - Córdoba"
"452","San Bernardo Del Viento","23675","14","San Bernardo Del Viento - Córdoba"
"453","San Carlos ","23678","14","San Carlos - Córdoba"
"454","San José De Uré","23682","14","San José De Uré - Córdoba"
"455","San Pelayo ","23686","14","San Pelayo - Córdoba"
"456","Tierralta","23807","14","Tierralta - Córdoba"
"457","Tuchín","23815","14","Tuchín - Córdoba"
"458","Valencia","23855","14","Valencia - Córdoba"
"459","Agua De Dios","25001","15","Agua De Dios - Cundinamarca"
"460","Albán","25019","15","Albán - Cundinamarca"
"461","Anapoima","25035","15","Anapoima - Cundinamarca"
"462","Anolaima","25040","15","Anolaima - Cundinamarca"
"463","Arbeláez","25053","15","Arbeláez - Cundinamarca"
"464","Beltrán","25086","15","Beltrán - Cundinamarca"
"465","Bituima","25095","15","Bituima - Cundinamarca"
"466","Bojacá","25099","15","Bojacá - Cundinamarca"
"467","Cabrera","25120","15","Cabrera - Cundinamarca"
"468","Cachipay","25123","15","Cachipay - Cundinamarca"
"469","Cajicá","25126","15","Cajicá - Cundinamarca"
"470","Caparrapí","25148","15","Caparrapí - Cundinamarca"
"471","Cáqueza","25151","15","Cáqueza - Cundinamarca"
"472","Carmen De Carupa","25154","15","Carmen De Carupa - Cundinamarca"
"473","Chaguaní","25168","15","Chaguaní - Cundinamarca"
"474","Chía","25175","15","Chía - Cundinamarca"
"475","Chipaque","25178","15","Chipaque - Cundinamarca"
"476","Choachí","25181","15","Choachí - Cundinamarca"
"477","Chocontá","25183","15","Chocontá - Cundinamarca"
"478","Cogua","25200","15","Cogua - Cundinamarca"
"479","Cota","25214","15","Cota - Cundinamarca"
"480","Cucunubá","25224","15","Cucunubá - Cundinamarca"
"481","El Colegio ","25245","15","El Colegio - Cundinamarca"
"482","El Peñón ","25258","15","El Peñón - Cundinamarca"
"483","El Rosal ","25260","15","El Rosal - Cundinamarca"
"484","Facatativá","25269","15","Facatativá - Cundinamarca"
"485","Fómeque","25279","15","Fómeque - Cundinamarca"
"486","Fosca","25281","15","Fosca - Cundinamarca"
"487","Funza","25286","15","Funza - Cundinamarca"
"488","Fúquene","25288","15","Fúquene - Cundinamarca"
"489","Fusagasugá","25290","15","Fusagasugá - Cundinamarca"
"490","Gachalá","25293","15","Gachalá - Cundinamarca"
"491","Gachancipá","25295","15","Gachancipá - Cundinamarca"
"492","Gachetá","25297","15","Gachetá - Cundinamarca"
"493","Gama","25299","15","Gama - Cundinamarca"
"494","Girardot","25307","15","Girardot - Cundinamarca"
"495","Granada","25312","15","Granada - Cundinamarca"
"496","Guachetá","25317","15","Guachetá - Cundinamarca"
"497","Guaduas","25320","15","Guaduas - Cundinamarca"
"498","Guasca","25322","15","Guasca - Cundinamarca"
"499","Guataquí","25324","15","Guataquí - Cundinamarca"
"500","Guatavita","25326","15","Guatavita - Cundinamarca"
"501","Guayabal De Síquima","25328","15","Guayabal De Síquima - Cundinamarca"
"502","Guayabetal","25335","15","Guayabetal - Cundinamarca"
"503","Gutiérrez","25339","15","Gutiérrez - Cundinamarca"
"504","Jerusalén","25368","15","Jerusalén - Cundinamarca"
"505","Junín","25372","15","Junín - Cundinamarca"
"506","La Calera ","25377","15","La Calera - Cundinamarca"
"507","La Mesa ","25386","15","La Mesa - Cundinamarca"
"508","La Palma ","25394","15","La Palma - Cundinamarca"
"509","La Peña ","25398","15","La Peña - Cundinamarca"
"510","La Vega ","25402","15","La Vega - Cundinamarca"
"511","Lenguazaque","25407","15","Lenguazaque - Cundinamarca"
"512","Machetá","25426","15","Machetá - Cundinamarca"
"513","Madrid","25430","15","Madrid - Cundinamarca"
"514","Manta","25436","15","Manta - Cundinamarca"
"515","Medina","25438","15","Medina - Cundinamarca"
"516","Mosquera","25473","15","Mosquera - Cundinamarca"
"517","Nariño","25483","15","Nariño - Cundinamarca"
"518","Nemocón","25486","15","Nemocón - Cundinamarca"
"519","Nilo","25488","15","Nilo - Cundinamarca"
"520","Nimaima","25489","15","Nimaima - Cundinamarca"
"521","Nocaima","25491","15","Nocaima - Cundinamarca"
"522","Venecia","25506","15","Venecia - Cundinamarca"
"523","Pacho","25513","15","Pacho - Cundinamarca"
"524","Paime","25518","15","Paime - Cundinamarca"
"525","Pandi","25524","15","Pandi - Cundinamarca"
"526","Paratebueno","25530","15","Paratebueno - Cundinamarca"
"527","Pasca","25535","15","Pasca - Cundinamarca"
"528","Puerto Salgar ","25572","15","Puerto Salgar - Cundinamarca"
"529","Pulí","25580","15","Pulí - Cundinamarca"
"530","Quebradanegra","25592","15","Quebradanegra - Cundinamarca"
"531","Quetame","25594","15","Quetame - Cundinamarca"
"532","Quipile","25596","15","Quipile - Cundinamarca"
"533","Apulo","25599","15","Apulo - Cundinamarca"
"534","Ricaurte","25612","15","Ricaurte - Cundinamarca"
"535","San Antonio Del Tequendama","25645","15","San Antonio Del Tequendama - Cundinamarca"
"536","San Bernardo ","25649","15","San Bernardo - Cundinamarca"
"537","San Cayetano ","25653","15","San Cayetano - Cundinamarca"
"538","San Francisco ","25658","15","San Francisco - Cundinamarca"
"539","San Juan De Rioseco","25662","15","San Juan De Rioseco - Cundinamarca"
"540","Sasaima","25718","15","Sasaima - Cundinamarca"
"541","Sesquilé","25736","15","Sesquilé - Cundinamarca"
"542","Sibaté","25740","15","Sibaté - Cundinamarca"
"543","Silvania","25743","15","Silvania - Cundinamarca"
"544","Simijaca","25745","15","Simijaca - Cundinamarca"
"545","Soacha","25754","15","Soacha - Cundinamarca"
"546","Sopó","25758","15","Sopó - Cundinamarca"
"547","Subachoque","25769","15","Subachoque - Cundinamarca"
"548","Suesca","25772","15","Suesca - Cundinamarca"
"549","Supatá","25777","15","Supatá - Cundinamarca"
"550","Susa","25779","15","Susa - Cundinamarca"
"551","Sutatausa","25781","15","Sutatausa - Cundinamarca"
"552","Tabio","25785","15","Tabio - Cundinamarca"
"553","Tausa","25793","15","Tausa - Cundinamarca"
"554","Tena","25797","15","Tena - Cundinamarca"
"555","Tenjo","25799","15","Tenjo - Cundinamarca"
"556","Tibacuy","25805","15","Tibacuy - Cundinamarca"
"557","Tibirita","25807","15","Tibirita - Cundinamarca"
"558","Tocaima","25815","15","Tocaima - Cundinamarca"
"559","Tocancipá","25817","15","Tocancipá - Cundinamarca"
"560","Topaipí","25823","15","Topaipí - Cundinamarca"
"561","Ubalá","25839","15","Ubalá - Cundinamarca"
"562","Ubaque","25841","15","Ubaque - Cundinamarca"
"563","Villa De San Diego De Ubaté","25843","15","Villa De San Diego De Ubaté - Cundinamarca"
"564","Une","25845","15","Une - Cundinamarca"
"565","Útica","25851","15","Útica - Cundinamarca"
"566","Vergara","25862","15","Vergara - Cundinamarca"
"567","Vianí","25867","15","Vianí - Cundinamarca"
"568","Villagómez","25871","15","Villagómez - Cundinamarca"
"569","Villapinzón","25873","15","Villapinzón - Cundinamarca"
"570","Villeta","25875","15","Villeta - Cundinamarca"
"571","Viotá","25878","15","Viotá - Cundinamarca"
"572","Yacopí","25885","15","Yacopí - Cundinamarca"
"573","Zipacón","25898","15","Zipacón - Cundinamarca"
"574","Zipaquirá","25899","15","Zipaquirá - Cundinamarca"
"575","Quibdó","27001","13","Quibdó - Chocó"
"576","Acandí","27006","13","Acandí - Chocó"
"577","Alto Baudó ","27025","13","Alto Baudó - Chocó"
"578","Atrato","27050","13","Atrato - Chocó"
"579","Bagadó","27073","13","Bagadó - Chocó"
"580","Bahía Solano ","27075","13","Bahía Solano - Chocó"
"581","Bajo Baudó ","27077","13","Bajo Baudó - Chocó"
"582","Bojayá","27099","13","Bojayá - Chocó"
"583","El Cantón Del San Pablo ","27135","13","El Cantón Del San Pablo - Chocó"
"584","Carmen Del Darién","27150","13","Carmen Del Darién - Chocó"
"585","Cértegui","27160","13","Cértegui - Chocó"
"586","Condoto","27205","13","Condoto - Chocó"
"587","El Carmen De Atrato","27245","13","El Carmen De Atrato - Chocó"
"588","El Litoral Del San Juan ","27250","13","El Litoral Del San Juan - Chocó"
"589","Istmina","27361","13","Istmina - Chocó"
"590","Juradó","27372","13","Juradó - Chocó"
"591","Lloró","27413","13","Lloró - Chocó"
"592","Medio Atrato ","27425","13","Medio Atrato - Chocó"
"593","Medio Baudó ","27430","13","Medio Baudó - Chocó"
"594","Medio San Juan","27450","13","Medio San Juan - Chocó"
"595","Nóvita","27491","13","Nóvita - Chocó"
"596","Nuquí","27495","13","Nuquí - Chocó"
"597","Río Iró ","27580","13","Río Iró - Chocó"
"598","Río Quito ","27600","13","Río Quito - Chocó"
"599","Riosucio","27615","13","Riosucio - Chocó"
"600","San José Del Palmar","27660","13","San José Del Palmar - Chocó"
"601","Sipí","27745","13","Sipí - Chocó"
"602","Tadó","27787","13","Tadó - Chocó"
"603","Unguía","27800","13","Unguía - Chocó"
"604","Unión Panamericana ","27810","13","Unión Panamericana - Chocó"
"605","Neiva","41001","18","Neiva - Huila"
"606","Acevedo","41006","18","Acevedo - Huila"
"607","Agrado","41013","18","Agrado - Huila"
"608","Aipe","41016","18","Aipe - Huila"
"609","Algeciras","41020","18","Algeciras - Huila"
"610","Altamira","41026","18","Altamira - Huila"
"611","Baraya","41078","18","Baraya - Huila"
"612","Campoalegre","41132","18","Campoalegre - Huila"
"613","Colombia","41206","18","Colombia - Huila"
"614","Elías","41244","18","Elías - Huila"
"615","Garzón","41298","18","Garzón - Huila"
"616","Gigante","41306","18","Gigante - Huila"
"617","Guadalupe","41319","18","Guadalupe - Huila"
"618","Hobo","41349","18","Hobo - Huila"
"619","Íquira","41357","18","Íquira - Huila"
"620","Isnos","41359","18","Isnos - Huila"
"621","La Argentina ","41378","18","La Argentina - Huila"
"622","La Plata ","41396","18","La Plata - Huila"
"623","Nátaga","41483","18","Nátaga - Huila"
"624","Oporapa","41503","18","Oporapa - Huila"
"625","Paicol","41518","18","Paicol - Huila"
"626","Palermo","41524","18","Palermo - Huila"
"627","Palestina","41530","18","Palestina - Huila"
"628","Pital","41548","18","Pital - Huila"
"629","Pitalito","41551","18","Pitalito - Huila"
"630","Rivera","41615","18","Rivera - Huila"
"631","Saladoblanco","41660","18","Saladoblanco - Huila"
"632","San Agustín ","41668","18","San Agustín - Huila"
"633","Santa María ","41676","18","Santa María - Huila"
"634","Suaza","41770","18","Suaza - Huila"
"635","Tarqui","41791","18","Tarqui - Huila"
"636","Tesalia","41797","18","Tesalia - Huila"
"637","Tello","41799","18","Tello - Huila"
"638","Teruel","41801","18","Teruel - Huila"
"639","Timaná","41807","18","Timaná - Huila"
"640","Villavieja","41872","18","Villavieja - Huila"
"641","Yaguará","41885","18","Yaguará - Huila"
"642","Riohacha","44001","19","Riohacha - La Guajira"
"643","Albania","44035","19","Albania - La Guajira"
"644","Barrancas","44078","19","Barrancas - La Guajira"
"645","Dibulla","44090","19","Dibulla - La Guajira"
"646","Distracción","44098","19","Distracción - La Guajira"
"647","El Molino ","44110","19","El Molino - La Guajira"
"648","Fonseca","44279","19","Fonseca - La Guajira"
"649","Hatonuevo","44378","19","Hatonuevo - La Guajira"
"650","La Jagua Del Pilar","44420","19","La Jagua Del Pilar - La Guajira"
"651","Maicao","44430","19","Maicao - La Guajira"
"652","Manaure","44560","19","Manaure - La Guajira"
"653","San Juan Del Cesar","44650","19","San Juan Del Cesar - La Guajira"
"654","Uribia","44847","19","Uribia - La Guajira"
"655","Urumita","44855","19","Urumita - La Guajira"
"656","Villanueva","44874","19","Villanueva - La Guajira"
"657","Santa Marta ","47001","20","Santa Marta - Magdalena"
"658","Algarrobo","47030","20","Algarrobo - Magdalena"
"659","Aracataca","47053","20","Aracataca - Magdalena"
"660","Ariguaní","47058","20","Ariguaní - Magdalena"
"661","Cerro De San Antonio","47161","20","Cerro De San Antonio - Magdalena"
"662","Chivolo","47170","20","Chivolo - Magdalena"
"663","Ciénaga","47189","20","Ciénaga - Magdalena"
"664","Concordia","47205","20","Concordia - Magdalena"
"665","El Banco ","47245","20","El Banco - Magdalena"
"666","El Piñón ","47258","20","El Piñón - Magdalena"
"667","El Retén ","47268","20","El Retén - Magdalena"
"668","Fundación","47288","20","Fundación - Magdalena"
"669","Guamal","47318","20","Guamal - Magdalena"
"670","Nueva Granada ","47460","20","Nueva Granada - Magdalena"
"671","Pedraza","47541","20","Pedraza - Magdalena"
"672","Pijiño Del Carmen","47545","20","Pijiño Del Carmen - Magdalena"
"673","Pivijay","47551","20","Pivijay - Magdalena"
"674","Plato","47555","20","Plato - Magdalena"
"675","Puebloviejo","47570","20","Puebloviejo - Magdalena"
"676","Remolino","47605","20","Remolino - Magdalena"
"677","Sabanas De San Ángel","47660","20","Sabanas De San Ángel - Magdalena"
"678","Salamina","47675","20","Salamina - Magdalena"
"679","San Sebastián De Buenavista","47692","20","San Sebastián De Buenavista - Magdalena"
"680","San Zenón ","47703","20","San Zenón - Magdalena"
"681","Santa Ana ","47707","20","Santa Ana - Magdalena"
"682","Santa Bárbara De Pinto","47720","20","Santa Bárbara De Pinto - Magdalena"
"683","Sitionuevo","47745","20","Sitionuevo - Magdalena"
"684","Tenerife","47798","20","Tenerife - Magdalena"
"685","Zapayán","47960","20","Zapayán - Magdalena"
"686","Zona Bananera ","47980","20","Zona Bananera - Magdalena"
"687","Villavicencio","50001","21","Villavicencio - Meta"
"688","Acacías","50006","21","Acacías - Meta"
"689","Barranca De Upía","50110","21","Barranca De Upía - Meta"
"690","Cabuyaro","50124","21","Cabuyaro - Meta"
"691","Castilla La Nueva","50150","21","Castilla La Nueva - Meta"
"692","Cubarral","50223","21","Cubarral - Meta"
"693","Cumaral","50226","21","Cumaral - Meta"
"694","El Calvario ","50245","21","El Calvario - Meta"
"695","El Castillo ","50251","21","El Castillo - Meta"
"696","El Dorado ","50270","21","El Dorado - Meta"
"697","Fuente De Oro","50287","21","Fuente De Oro - Meta"
"698","Granada","50313","21","Granada - Meta"
"699","Guamal","50318","21","Guamal - Meta"
"700","Mapiripán","50325","21","Mapiripán - Meta"
"701","Mesetas","50330","21","Mesetas - Meta"
"702","La Macarena ","50350","21","La Macarena - Meta"
"703","Uribe","50370","21","Uribe - Meta"
"704","Lejanías","50400","21","Lejanías - Meta"
"705","Puerto Concordia ","50450","21","Puerto Concordia - Meta"
"706","Puerto Gaitán ","50568","21","Puerto Gaitán - Meta"
"707","Puerto López ","50573","21","Puerto López - Meta"
"708","Puerto Lleras ","50577","21","Puerto Lleras - Meta"
"709","Puerto Rico ","50590","21","Puerto Rico - Meta"
"710","Restrepo","50606","21","Restrepo - Meta"
"711","San Carlos De Guaroa","50680","21","San Carlos De Guaroa - Meta"
"712","San Juan De Arama","50683","21","San Juan De Arama - Meta"
"713","San Juanito ","50686","21","San Juanito - Meta"
"714","San Martín ","50689","21","San Martín - Meta"
"715","Vistahermosa","50711","21","Vistahermosa - Meta"
"716","Pasto","52001","22","Pasto - Nariño"
"717","Albán","52019","22","Albán - Nariño"
"718","Aldana","52022","22","Aldana - Nariño"
"719","Ancuyá","52036","22","Ancuyá - Nariño"
"720","Arboleda","52051","22","Arboleda - Nariño"
"721","Barbacoas","52079","22","Barbacoas - Nariño"
"722","Belén","52083","22","Belén - Nariño"
"723","Buesaco","52110","22","Buesaco - Nariño"
"724","Colón","52203","22","Colón - Nariño"
"725","Consacá","52207","22","Consacá - Nariño"
"726","Contadero","52210","22","Contadero - Nariño"
"727","Córdoba","52215","22","Córdoba - Nariño"
"728","Cuaspúd","52224","22","Cuaspúd - Nariño"
"729","Cumbal","52227","22","Cumbal - Nariño"
"730","Cumbitara","52233","22","Cumbitara - Nariño"
"731","Chachagüí","52240","22","Chachagüí - Nariño"
"732","El Charco ","52250","22","El Charco - Nariño"
"733","El Peñol ","52254","22","El Peñol - Nariño"
"734","El Rosario ","52256","22","El Rosario - Nariño"
"735","El Tablón De Gómez","52258","22","El Tablón De Gómez - Nariño"
"736","El Tambo ","52260","22","El Tambo - Nariño"
"737","Funes","52287","22","Funes - Nariño"
"738","Guachucal","52317","22","Guachucal - Nariño"
"739","Guaitarilla","52320","22","Guaitarilla - Nariño"
"740","Gualmatán","52323","22","Gualmatán - Nariño"
"741","Iles","52352","22","Iles - Nariño"
"742","Imués","52354","22","Imués - Nariño"
"743","Ipiales","52356","22","Ipiales - Nariño"
"744","La Cruz ","52378","22","La Cruz - Nariño"
"745","La Florida ","52381","22","La Florida - Nariño"
"746","La Llanada ","52385","22","La Llanada - Nariño"
"747","La Tola ","52390","22","La Tola - Nariño"
"748","La Unión ","52399","22","La Unión - Nariño"
"749","Leiva","52405","22","Leiva - Nariño"
"750","Linares","52411","22","Linares - Nariño"
"751","Los Andes ","52418","22","Los Andes - Nariño"
"752","Magüí","52427","22","Magüí - Nariño"
"753","Mallama","52435","22","Mallama - Nariño"
"754","Mosquera","52473","22","Mosquera - Nariño"
"755","Nariño","52480","22","Nariño - Nariño"
"756","Olaya Herrera ","52490","22","Olaya Herrera - Nariño"
"757","Ospina","52506","22","Ospina - Nariño"
"758","Francisco Pizarro ","52520","22","Francisco Pizarro - Nariño"
"759","Policarpa","52540","22","Policarpa - Nariño"
"760","Potosí","52560","22","Potosí - Nariño"
"761","Providencia","52565","22","Providencia - Nariño"
"762","Puerres","52573","22","Puerres - Nariño"
"763","Pupiales","52585","22","Pupiales - Nariño"
"764","Ricaurte","52612","22","Ricaurte - Nariño"
"765","Roberto Payán ","52621","22","Roberto Payán - Nariño"
"766","Samaniego","52678","22","Samaniego - Nariño"
"767","Sandoná","52683","22","Sandoná - Nariño"
"768","San Bernardo ","52685","22","San Bernardo - Nariño"
"769","San Lorenzo ","52687","22","San Lorenzo - Nariño"
"770","San Pablo ","52693","22","San Pablo - Nariño"
"771","San Pedro De Cartago","52694","22","San Pedro De Cartago - Nariño"
"772","Santa Bárbara ","52696","22","Santa Bárbara - Nariño"
"773","Santacruz","52699","22","Santacruz - Nariño"
"774","Sapuyes","52720","22","Sapuyes - Nariño"
"775","Taminango","52786","22","Taminango - Nariño"
"776","Tangua","52788","22","Tangua - Nariño"
"777","San Andrés De Tumaco","52835","22","San Andrés De Tumaco - Nariño"
"778","Túquerres","52838","22","Túquerres - Nariño"
"779","Yacuanquer","52885","22","Yacuanquer - Nariño"
"780","San José De Cúcuta","54001","23","San José De Cúcuta - Norte de Santander"
"781","Ábrego","54003","23","Ábrego - Norte de Santander"
"782","Arboledas","54051","23","Arboledas - Norte de Santander"
"783","Bochalema","54099","23","Bochalema - Norte de Santander"
"784","Bucarasica","54109","23","Bucarasica - Norte de Santander"
"785","Cácota","54125","23","Cácota - Norte de Santander"
"786","Cáchira","54128","23","Cáchira - Norte de Santander"
"787","Chinácota","54172","23","Chinácota - Norte de Santander"
"788","Chitagá","54174","23","Chitagá - Norte de Santander"
"789","Convención","54206","23","Convención - Norte de Santander"
"790","Cucutilla","54223","23","Cucutilla - Norte de Santander"
"791","Durania","54239","23","Durania - Norte de Santander"
"792","El Carmen ","54245","23","El Carmen - Norte de Santander"
"793","El Tarra ","54250","23","El Tarra - Norte de Santander"
"794","El Zulia ","54261","23","El Zulia - Norte de Santander"
"795","Gramalote","54313","23","Gramalote - Norte de Santander"
"796","Hacarí","54344","23","Hacarí - Norte de Santander"
"797","Herrán","54347","23","Herrán - Norte de Santander"
"798","Labateca","54377","23","Labateca - Norte de Santander"
"799","La Esperanza ","54385","23","La Esperanza - Norte de Santander"
"800","La Playa ","54398","23","La Playa - Norte de Santander"
"801","Los Patios ","54405","23","Los Patios - Norte de Santander"
"802","Lourdes","54418","23","Lourdes - Norte de Santander"
"803","Mutiscua","54480","23","Mutiscua - Norte de Santander"
"804","Ocaña","54498","23","Ocaña - Norte de Santander"
"805","Pamplona","54518","23","Pamplona - Norte de Santander"
"806","Pamplonita","54520","23","Pamplonita - Norte de Santander"
"807","Puerto Santander ","54553","23","Puerto Santander - Norte de Santander"
"808","Ragonvalia","54599","23","Ragonvalia - Norte de Santander"
"809","Salazar","54660","23","Salazar - Norte de Santander"
"810","San Calixto ","54670","23","San Calixto - Norte de Santander"
"811","San Cayetano ","54673","23","San Cayetano - Norte de Santander"
"812","Santiago","54680","23","Santiago - Norte de Santander"
"813","Sardinata","54720","23","Sardinata - Norte de Santander"
"814","Silos","54743","23","Silos - Norte de Santander"
"815","Teorama","54800","23","Teorama - Norte de Santander"
"816","Tibú","54810","23","Tibú - Norte de Santander"
"817","Toledo","54820","23","Toledo - Norte de Santander"
"818","Villa Caro ","54871","23","Villa Caro - Norte de Santander"
"819","Villa Del Rosario","54874","23","Villa Del Rosario - Norte de Santander"
"820","Armenia","63001","25","Armenia - Quindío"
"821","Buenavista","63111","25","Buenavista - Quindío"
"822","Calarcá","63130","25","Calarcá - Quindío"
"823","Circasia","63190","25","Circasia - Quindío"
"824","Córdoba","63212","25","Córdoba - Quindío"
"825","Filandia","63272","25","Filandia - Quindío"
"826","Génova","63302","25","Génova - Quindío"
"827","La Tebaida ","63401","25","La Tebaida - Quindío"
"828","Montenegro","63470","25","Montenegro - Quindío"
"829","Pijao","63548","25","Pijao - Quindío"
"830","Quimbaya","63594","25","Quimbaya - Quindío"
"831","Salento","63690","25","Salento - Quindío"
"832","Pereira","66001","26","Pereira - Risaralda"
"833","Apía","66045","26","Apía - Risaralda"
"834","Balboa","66075","26","Balboa - Risaralda"
"835","Belén De Umbría","66088","26","Belén De Umbría - Risaralda"
"836","Dosquebradas","66170","26","Dosquebradas - Risaralda"
"837","Guática","66318","26","Guática - Risaralda"
"838","La Celia ","66383","26","La Celia - Risaralda"
"839","La Virginia ","66400","26","La Virginia - Risaralda"
"840","Marsella","66440","26","Marsella - Risaralda"
"841","Mistrató","66456","26","Mistrató - Risaralda"
"842","Pueblo Rico ","66572","26","Pueblo Rico - Risaralda"
"843","Quinchía","66594","26","Quinchía - Risaralda"
"844","Santa Rosa De Cabal","66682","26","Santa Rosa De Cabal - Risaralda"
"845","Santuario","66687","26","Santuario - Risaralda"
"846","Bucaramanga","68001","28","Bucaramanga - Santander"
"847","Aguada","68013","28","Aguada - Santander"
"848","Albania","68020","28","Albania - Santander"
"849","Aratoca","68051","28","Aratoca - Santander"
"850","Barbosa","68077","28","Barbosa - Santander"
"851","Barichara","68079","28","Barichara - Santander"
"852","Barrancabermeja","68081","28","Barrancabermeja - Santander"
"853","Betulia","68092","28","Betulia - Santander"
"854","Bolívar","68101","28","Bolívar - Santander"
"855","Cabrera","68121","28","Cabrera - Santander"
"856","California","68132","28","California - Santander"
"857","Capitanejo","68147","28","Capitanejo - Santander"
"858","Carcasí","68152","28","Carcasí - Santander"
"859","Cepitá","68160","28","Cepitá - Santander"
"860","Cerrito","68162","28","Cerrito - Santander"
"861","Charalá","68167","28","Charalá - Santander"
"862","Charta","68169","28","Charta - Santander"
"863","Chima","68176","28","Chima - Santander"
"864","Chipatá","68179","28","Chipatá - Santander"
"865","Cimitarra","68190","28","Cimitarra - Santander"
"866","Concepción","68207","28","Concepción - Santander"
"867","Confines","68209","28","Confines - Santander"
"868","Contratación","68211","28","Contratación - Santander"
"869","Coromoro","68217","28","Coromoro - Santander"
"870","Curití","68229","28","Curití - Santander"
"871","El Carmen De Chucurí","68235","28","El Carmen De Chucurí - Santander"
"872","El Guacamayo ","68245","28","El Guacamayo - Santander"
"873","El Peñón ","68250","28","El Peñón - Santander"
"874","El Playón ","68255","28","El Playón - Santander"
"875","Encino","68264","28","Encino - Santander"
"876","Enciso","68266","28","Enciso - Santander"
"877","Florián","68271","28","Florián - Santander"
"878","Floridablanca","68276","28","Floridablanca - Santander"
"879","Galán","68296","28","Galán - Santander"
"880","Gámbita","68298","28","Gámbita - Santander"
"881","Girón","68307","28","Girón - Santander"
"882","Guaca","68318","28","Guaca - Santander"
"883","Guadalupe","68320","28","Guadalupe - Santander"
"884","Guapotá","68322","28","Guapotá - Santander"
"885","Guavatá","68324","28","Guavatá - Santander"
"886","Güepsa","68327","28","Güepsa - Santander"
"887","Hato","68344","28","Hato - Santander"
"888","Jesús María ","68368","28","Jesús María - Santander"
"889","Jordán","68370","28","Jordán - Santander"
"890","La Belleza ","68377","28","La Belleza - Santander"
"891","Landázuri","68385","28","Landázuri - Santander"
"892","La Paz ","68397","28","La Paz - Santander"
"893","Lebrija","68406","28","Lebrija - Santander"
"894","Los Santos ","68418","28","Los Santos - Santander"
"895","Macaravita","68425","28","Macaravita - Santander"
"896","Málaga","68432","28","Málaga - Santander"
"897","Matanza","68444","28","Matanza - Santander"
"898","Mogotes","68464","28","Mogotes - Santander"
"899","Molagavita","68468","28","Molagavita - Santander"
"900","Ocamonte","68498","28","Ocamonte - Santander"
"901","Oiba","68500","28","Oiba - Santander"
"902","Onzaga","68502","28","Onzaga - Santander"
"903","Palmar","68522","28","Palmar - Santander"
"904","Palmas Del Socorro","68524","28","Palmas Del Socorro - Santander"
"905","Páramo","68533","28","Páramo - Santander"
"906","Piedecuesta","68547","28","Piedecuesta - Santander"
"907","Pinchote","68549","28","Pinchote - Santander"
"908","Puente Nacional ","68572","28","Puente Nacional - Santander"
"909","Puerto Parra ","68573","28","Puerto Parra - Santander"
"910","Puerto Wilches ","68575","28","Puerto Wilches - Santander"
"911","Rionegro","68615","28","Rionegro - Santander"
"912","Sabana De Torres","68655","28","Sabana De Torres - Santander"
"913","San Andrés ","68669","28","San Andrés - Santander"
"914","San Benito ","68673","28","San Benito - Santander"
"915","San Gil ","68679","28","San Gil - Santander"
"916","San Joaquín ","68682","28","San Joaquín - Santander"
"917","San José De Miranda","68684","28","San José De Miranda - Santander"
"918","San Miguel ","68686","28","San Miguel - Santander"
"919","San Vicente De Chucurí","68689","28","San Vicente De Chucurí - Santander"
"920","Santa Bárbara ","68705","28","Santa Bárbara - Santander"
"921","Santa Helena Del Opón","68720","28","Santa Helena Del Opón - Santander"
"922","Simacota","68745","28","Simacota - Santander"
"923","Socorro","68755","28","Socorro - Santander"
"924","Suaita","68770","28","Suaita - Santander"
"925","Sucre","68773","28","Sucre - Santander"
"926","Suratá","68780","28","Suratá - Santander"
"927","Tona","68820","28","Tona - Santander"
"928","Valle De San José","68855","28","Valle De San José - Santander"
"929","Vélez","68861","28","Vélez - Santander"
"930","Vetas","68867","28","Vetas - Santander"
"931","Villanueva","68872","28","Villanueva - Santander"
"932","Zapatoca","68895","28","Zapatoca - Santander"
"933","Sincelejo","70001","29","Sincelejo - Sucre"
"934","Buenavista","70110","29","Buenavista - Sucre"
"935","Caimito","70124","29","Caimito - Sucre"
"936","Colosó","70204","29","Colosó - Sucre"
"937","Corozal","70215","29","Corozal - Sucre"
"938","Coveñas","70221","29","Coveñas - Sucre"
"939","Chalán","70230","29","Chalán - Sucre"
"940","El Roble ","70233","29","El Roble - Sucre"
"941","Galeras","70235","29","Galeras - Sucre"
"942","Guaranda","70265","29","Guaranda - Sucre"
"943","La Unión ","70400","29","La Unión - Sucre"
"944","Los Palmitos ","70418","29","Los Palmitos - Sucre"
"945","Majagual","70429","29","Majagual - Sucre"
"946","Morroa","70473","29","Morroa - Sucre"
"947","Ovejas","70508","29","Ovejas - Sucre"
"948","Palmito","70523","29","Palmito - Sucre"
"949","Sampués","70670","29","Sampués - Sucre"
"950","San Benito Abad","70678","29","San Benito Abad - Sucre"
"951","San Juan De Betulia","70702","29","San Juan De Betulia - Sucre"
"952","San Marcos ","70708","29","San Marcos - Sucre"
"953","San Onofre ","70713","29","San Onofre - Sucre"
"954","San Pedro ","70717","29","San Pedro - Sucre"
"955","San Luis De Sincé","70742","29","San Luis De Sincé - Sucre"
"956","Sucre","70771","29","Sucre - Sucre"
"957","Santiago De Tolú","70820","29","Santiago De Tolú - Sucre"
"958","Tolú Viejo ","70823","29","Tolú Viejo - Sucre"
"959","Ibagué","73001","30","Ibagué - Tolima"
"960","Alpujarra","73024","30","Alpujarra - Tolima"
"961","Alvarado","73026","30","Alvarado - Tolima"
"962","Ambalema","73030","30","Ambalema - Tolima"
"963","Anzoátegui","73043","30","Anzoátegui - Tolima"
"964","Armero","73055","30","Armero - Tolima"
"965","Ataco","73067","30","Ataco - Tolima"
"966","Cajamarca","73124","30","Cajamarca - Tolima"
"967","Carmen De Apicalá","73148","30","Carmen De Apicalá - Tolima"
"968","Casabianca","73152","30","Casabianca - Tolima"
"969","Chaparral","73168","30","Chaparral - Tolima"
"970","Coello","73200","30","Coello - Tolima"
"971","Coyaima","73217","30","Coyaima - Tolima"
"972","Cunday","73226","30","Cunday - Tolima"
"973","Dolores","73236","30","Dolores - Tolima"
"974","Espinal","73268","30","Espinal - Tolima"
"975","Falan","73270","30","Falan - Tolima"
"976","Flandes","73275","30","Flandes - Tolima"
"977","Fresno","73283","30","Fresno - Tolima"
"978","Guamo","73319","30","Guamo - Tolima"
"979","Herveo","73347","30","Herveo - Tolima"
"980","Honda","73349","30","Honda - Tolima"
"981","Icononzo","73352","30","Icononzo - Tolima"
"982","Lérida","73408","30","Lérida - Tolima"
"983","Líbano","73411","30","Líbano - Tolima"
"984","San Sebastián De Mariquita","73443","30","San Sebastián De Mariquita - Tolima"
"985","Melgar","73449","30","Melgar - Tolima"
"986","Murillo","73461","30","Murillo - Tolima"
"987","Natagaima","73483","30","Natagaima - Tolima"
"988","Ortega","73504","30","Ortega - Tolima"
"989","Palocabildo","73520","30","Palocabildo - Tolima"
"990","Piedras","73547","30","Piedras - Tolima"
"991","Planadas","73555","30","Planadas - Tolima"
"992","Prado","73563","30","Prado - Tolima"
"993","Purificación","73585","30","Purificación - Tolima"
"994","Rioblanco","73616","30","Rioblanco - Tolima"
"995","Roncesvalles","73622","30","Roncesvalles - Tolima"
"996","Rovira","73624","30","Rovira - Tolima"
"997","Saldaña","73671","30","Saldaña - Tolima"
"998","San Antonio ","73675","30","San Antonio - Tolima"
"999","San Luis ","73678","30","San Luis - Tolima"
"1000","Santa Isabel ","73686","30","Santa Isabel - Tolima"
"1001","Suárez","73770","30","Suárez - Tolima"
"1002","Valle De San Juan","73854","30","Valle De San Juan - Tolima"
"1003","Venadillo","73861","30","Venadillo - Tolima"
"1004","Villahermosa","73870","30","Villahermosa - Tolima"
"1005","Villarrica","73873","30","Villarrica - Tolima"
"1006","Cali","76001","31","Cali - Valle del Cauca"
"1007","Alcalá","76020","31","Alcalá - Valle del Cauca"
"1008","Andalucía","76036","31","Andalucía - Valle del Cauca"
"1009","Ansermanuevo","76041","31","Ansermanuevo - Valle del Cauca"
"1010","Argelia","76054","31","Argelia - Valle del Cauca"
"1011","Bolívar","76100","31","Bolívar - Valle del Cauca"
"1012","Buenaventura","76109","31","Buenaventura - Valle del Cauca"
"1013","Guadalajara De Buga","76111","31","Guadalajara De Buga - Valle del Cauca"
"1014","Bugalagrande","76113","31","Bugalagrande - Valle del Cauca"
"1015","Caicedonia","76122","31","Caicedonia - Valle del Cauca"
"1016","Calima","76126","31","Calima - Valle del Cauca"
"1017","Candelaria","76130","31","Candelaria - Valle del Cauca"
"1018","Cartago","76147","31","Cartago - Valle del Cauca"
"1019","Dagua","76233","31","Dagua - Valle del Cauca"
"1020","El Águila ","76243","31","El Águila - Valle del Cauca"
"1021","El Cairo ","76246","31","El Cairo - Valle del Cauca"
"1022","El Cerrito ","76248","31","El Cerrito - Valle del Cauca"
"1023","El Dovio ","76250","31","El Dovio - Valle del Cauca"
"1024","Florida","76275","31","Florida - Valle del Cauca"
"1025","Ginebra","76306","31","Ginebra - Valle del Cauca"
"1026","Guacarí","76318","31","Guacarí - Valle del Cauca"
"1027","Jamundí","76364","31","Jamundí - Valle del Cauca"
"1028","La Cumbre ","76377","31","La Cumbre - Valle del Cauca"
"1029","La Unión ","76400","31","La Unión - Valle del Cauca"
"1030","La Victoria ","76403","31","La Victoria - Valle del Cauca"
"1031","Obando","76497","31","Obando - Valle del Cauca"
"1032","Palmira","76520","31","Palmira - Valle del Cauca"
"1033","Pradera","76563","31","Pradera - Valle del Cauca"
"1034","Restrepo","76606","31","Restrepo - Valle del Cauca"
"1035","Riofrío","76616","31","Riofrío - Valle del Cauca"
"1036","Roldanillo","76622","31","Roldanillo - Valle del Cauca"
"1037","San Pedro ","76670","31","San Pedro - Valle del Cauca"
"1038","Sevilla","76736","31","Sevilla - Valle del Cauca"
"1039","Toro","76823","31","Toro - Valle del Cauca"
"1040","Trujillo","76828","31","Trujillo - Valle del Cauca"
"1041","Tuluá","76834","31","Tuluá - Valle del Cauca"
"1042","Ulloa","76845","31","Ulloa - Valle del Cauca"
"1043","Versalles","76863","31","Versalles - Valle del Cauca"
"1044","Vijes","76869","31","Vijes - Valle del Cauca"
"1045","Yotoco","76890","31","Yotoco - Valle del Cauca"
"1046","Yumbo","76892","31","Yumbo - Valle del Cauca"
"1047","Zarzal","76895","31","Zarzal - Valle del Cauca"
"1048","Arauca","81001","3","Arauca - Arauca"
"1049","Arauquita","81065","3","Arauquita - Arauca"
"1050","Cravo Norte ","81220","3","Cravo Norte - Arauca"
"1051","Fortul","81300","3","Fortul - Arauca"
"1052","Puerto Rondón ","81591","3","Puerto Rondón - Arauca"
"1053","Saravena","81736","3","Saravena - Arauca"
"1054","Tame","81794","3","Tame - Arauca"
"1055","Yopal","85001","10","Yopal - Casanare"
"1056","Aguazul","85010","10","Aguazul - Casanare"
"1057","Chámeza","85015","10","Chámeza - Casanare"
"1058","Hato Corozal ","85125","10","Hato Corozal - Casanare"
"1059","La Salina ","85136","10","La Salina - Casanare"
"1060","Maní","85139","10","Maní - Casanare"
"1061","Monterrey","85162","10","Monterrey - Casanare"
"1062","Nunchía","85225","10","Nunchía - Casanare"
"1063","Orocué","85230","10","Orocué - Casanare"
"1064","Paz De Ariporo","85250","10","Paz De Ariporo - Casanare"
"1065","Pore","85263","10","Pore - Casanare"
"1066","Recetor","85279","10","Recetor - Casanare"
"1067","Sabanalarga","85300","10","Sabanalarga - Casanare"
"1068","Sácama","85315","10","Sácama - Casanare"
"1069","San Luis De Palenque","85325","10","San Luis De Palenque - Casanare"
"1070","Támara","85400","10","Támara - Casanare"
"1071","Tauramena","85410","10","Tauramena - Casanare"
"1072","Trinidad","85430","10","Trinidad - Casanare"
"1073","Villanueva","85440","10","Villanueva - Casanare"
"1074","Mocoa","86001","24","Mocoa - Putumayo"
"1075","Colón","86219","24","Colón - Putumayo"
"1076","Orito","86320","24","Orito - Putumayo"
"1077","Puerto Asís ","86568","24","Puerto Asís - Putumayo"
"1078","Puerto Caicedo ","86569","24","Puerto Caicedo - Putumayo"
"1079","Puerto Guzmán ","86571","24","Puerto Guzmán - Putumayo"
"1080","Puerto Leguízamo ","86573","24","Puerto Leguízamo - Putumayo"
"1081","Sibundoy","86749","24","Sibundoy - Putumayo"
"1082","San Francisco ","86755","24","San Francisco - Putumayo"
"1083","San Miguel ","86757","24","San Miguel - Putumayo"
"1084","Santiago","86760","24","Santiago - Putumayo"
"1085","Valle Del Guamuez","86865","24","Valle Del Guamuez - Putumayo"
"1086","Villagarzón","86885","24","Villagarzón - Putumayo"
"1087","San Andrés ","88001","27","San Andrés - San Andrés y Providencia"
"1088","Providencia","88564","27","Providencia - San Andrés y Providencia"
"1089","Leticia","91001","1","Leticia - Amazonas"
"1090","El Encanto ","91263","1","El Encanto - Amazonas"
"1091","La Chorrera ","91405","1","La Chorrera - Amazonas"
"1092","La Pedrera ","91407","1","La Pedrera - Amazonas"
"1093","La Victoria ","91430","1","La Victoria - Amazonas"
"1094","Mirití - Paraná","91460","1","Mirití - Paraná - Amazonas"
"1095","Puerto Alegría ","91530","1","Puerto Alegría - Amazonas"
"1096","Puerto Arica ","91536","1","Puerto Arica - Amazonas"
"1097","Puerto Nariño ","91540","1","Puerto Nariño - Amazonas"
"1098","Puerto Santander ","91669","1","Puerto Santander - Amazonas"
"1099","Tarapacá","91798","1","Tarapacá - Amazonas"
"1100","Inírida","94001","16","Inírida - Guainía"
"1101","Barranco Minas ","94343","16","Barranco Minas - Guainía"
"1102","Mapiripana","94663","16","Mapiripana - Guainía"
"1103","San Felipe ","94883","16","San Felipe - Guainía"
"1104","Puerto Colombia ","94884","16","Puerto Colombia - Guainía"
"1105","La Guadalupe ","94885","16","La Guadalupe - Guainía"
"1106","Cacahual","94886","16","Cacahual - Guainía"
"1107","Pana Pana ","94887","16","Pana Pana - Guainía"
"1108","Morichal","94888","16","Morichal - Guainía"
"1109","San José Del Guaviare","95001","17","San José Del Guaviare - Guaviare"
"1110","Calamar","95015","17","Calamar - Guaviare"
"1111","El Retorno ","95025","17","El Retorno - Guaviare"
"1112","Miraflores","95200","17","Miraflores - Guaviare"
"1113","Mitú","97001","32","Mitú - Vaupés"
"1114","Carurú","97161","32","Carurú - Vaupés"
"1115","Pacoa","97511","32","Pacoa - Vaupés"
"1116","Taraira","97666","32","Taraira - Vaupés"
"1117","Papunahua","97777","32","Papunahua - Vaupés"
"1118","Yavaraté","97889","32","Yavaraté - Vaupés"
"1119","Puerto Carreño ","99001","33","Puerto Carreño - Vichada"
"1120","La Primavera ","99524","33","La Primavera - Vichada"
"1121","Santa Rosalía ","99624","33","Santa Rosalía - Vichada"
"1122","Cumaribo","99773","33","Cumaribo - Vichada"
