"id","code","name","municipality_id","department_id","postal_code"
5001,"05001000","MEDELLIN ANTIOQUIA","5001","5","050015"
5002,"05002000","ABEJORRAL ANTIOQUIA","5002","5","055030"
5004,"05004000","ABRIAQUI ANTIOQUIA","5004","5","057460"
5021,"05021000","ALEJANDRIA ANTIOQUIA","5021","5","053820"
5030,"05030000","AMAGA ANTIOQUIA","5030","5","055840"
5031,"05031000","AMALFI ANTIOQUIA","5031","5","052840"
5034,"05034000","ANDES ANTIOQUIA","5034","5","056060"
5036,"05036000","ANGELOPOLIS ANTIOQUIA","5036","5","055830"
5038,"05038000","ANGOSTURA ANTIOQUIA","5038","5","051810"
5040,"05040000","ANORI ANTIOQUIA","5040","5","052850"
5042,"05042000","SANTAFE DE ANTIOQUIA ANTIOQUIA","5042","5","057050"
5044,"05044000","ANZA ANTIOQUIA","5044","5","056850"
5045,"05045000","APARTADO ANTIOQUIA","5045","5","057841"
5051,"05051000","ARBOLETES ANTIOQUIA","5051","5","057820"
5055,"05055000","ARGELIA ANTIOQUIA","5055","5","054830"
5059,"05059000","ARMENIA ANTIOQUIA","5059","5","055860"
5079,"05079000","BARBOSA ANTIOQUIA","5079","5","051020"
5086,"05086000","BELMIRA ANTIOQUIA","5086","5","051420"
5088,"05088000","BELLO ANTIOQUIA","5088","5","051053"
5091,"05091000","BETANIA ANTIOQUIA","5091","5","056070"
5093,"05093000","BETULIA ANTIOQUIA","5093","5","056860"
5101,"05101000","CIUDAD BOLIVAR ANTIOQUIA","5101","5","056460"
5107,"05107000","BRICENO ANTIOQUIA","5107","5","052060"
5113,"05113000","BURITICA ANTIOQUIA","5113","5","057030"
5120,"05120000","CACERES ANTIOQUIA","5120","5","052450"
5125,"05125000","CAICEDO ANTIOQUIA","5125","5","056840"
5129,"05129000","CALDAS ANTIOQUIA","5129","5","055440"
5134,"05134000","CAMPAMENTO ANTIOQUIA","5134","5","052020"
5138,"05138000","CANASGORDAS ANTIOQUIA","5138","5","057060"
5142,"05142000","CARACOLI ANTIOQUIA","5142","5","053450"
5145,"05145000","CARAMANTA ANTIOQUIA","5145","5","056040"
5147,"05147000","CAREPA ANTIOQUIA","5147","5","057850"
5148,"05148000","EL CARMEN DE VIBORAL ANTIOQUIA","5148","5","054030"
5150,"05150000","CAROLINA ANTIOQUIA","5150","5","051840"
5154,"05154000","CAUCASIA ANTIOQUIA","5154","5","052410"
5172,"05172000","CHIGORODO ANTIOQUIA","5172","5","057410"
5190,"05190000","CISNEROS ANTIOQUIA","5190","5","053050"
5197,"05197000","COCORNA ANTIOQUIA","5197","5","054440"
5206,"05206000","CONCEPCION ANTIOQUIA","5206","5","053810"
5209,"05209000","CONCORDIA ANTIOQUIA","5209","5","056410"
5212,"05212000","COPACABANA ANTIOQUIA","5212","5","051040"
5234,"05234000","DABEIBA ANTIOQUIA","5234","5","057430"
5237,"05237000","DON MATIAS ANTIOQUIA","5237","5","051850"
5240,"05240000","EBEJICO ANTIOQUIA","5240","5","055810"
5250,"05250000","EL BAGRE ANTIOQUIA","5250","5","052430"
5264,"05264000","ENTRERRIOS ANTIOQUIA","5264","5","051430"
5266,"05266000","ENVIGADO ANTIOQUIA","5266","5","055420"
5282,"05282000","FREDONIA ANTIOQUIA","5282","5","055070"
5284,"05284000","FRONTINO ANTIOQUIA","5284","5","057450"
5306,"05306000","GIRALDO ANTIOQUIA","5306","5","057040"
5308,"05308000","GIRARDOTA ANTIOQUIA","5308","5","051030"
5310,"05310000","GOMEZ PLATA ANTIOQUIA","5310","5","051830"
5313,"05313000","GRANADA ANTIOQUIA","5313","5","054410"
5315,"05315000","GUADALUPE ANTIOQUIA","5315","5","051820"
5318,"05318000","GUARNE ANTIOQUIA","5318","5","054050"
5321,"05321000","GUATAPE ANTIOQUIA","5321","5","053840"
5347,"05347000","HELICONIA ANTIOQUIA","5347","5","055820"
5353,"05353000","HISPANIA ANTIOQUIA","5353","5","056450"
5360,"05360000","ITAGUI ANTIOQUIA","5360","5","055412"
5361,"05361000","ITUANGO ANTIOQUIA","5361","5","052070"
5364,"05364000","JARDIN ANTIOQUIA","5364","5","056050"
5368,"05368000","JERICO ANTIOQUIA","5368","5","056010"
5376,"05376000","LA CEJA ANTIOQUIA","5376","5","055010"
5380,"05380000","LA ESTRELLA ANTIOQUIA","5380","5","055460"
5390,"05390000","LA PINTADA ANTIOQUIA","5390","5","055067"
5400,"05400000","LA UNION ANTIOQUIA","5400","5","055020"
5411,"05411000","LIBORINA ANTIOQUIA","5411","5","051460"
5425,"05425000","MACEO ANTIOQUIA","5425","5","053460"
5440,"05440000","MARINILLA ANTIOQUIA","5440","5","054020"
5467,"05467000","MONTEBELLO ANTIOQUIA","5467","5","055040"
5475,"05475000","MURINDO ANTIOQUIA","5475","5","056810"
5480,"05480000","MUTATA ANTIOQUIA","5480","5","057420"
5483,"05483000","NARINO ANTIOQUIA","5483","5","054840"
5490,"05490000","NECOCLI ANTIOQUIA","5490","5","057870"
5495,"05495000","NECHI ANTIOQUIA","5495","5","052420"
5501,"05501000","OLAYA ANTIOQUIA","5501","5","051450"
5541,"05541000","PENOL ANTIOQUIA","5541","5","053850"
5543,"05543000","PEQUE ANTIOQUIA","5543","5","057010"
5576,"05576000","PUEBLORRICO ANTIOQUIA","5576","5","056440"
5579,"05579000","PUERTO BERRIO ANTIOQUIA","5579","5","053420"
5585,"05585000","PUERTO NARE ANTIOQUIA","5585","5","053430"
5591,"05591000","PUERTO TRIUNFO ANTIOQUIA","5591","5","053440"
5604,"05604000","REMEDIOS ANTIOQUIA","5604","5","052820"
5607,"05607000","RETIRO ANTIOQUIA","5607","5","055430"
5615,"05615000","RIONEGRO ANTIOQUIA","5615","5","054040"
5628,"05628000","SABANALARGA ANTIOQUIA","5628","5","057020"
5631,"05631000","SABANETA ANTIOQUIA","5631","5","055450"
5642,"05642000","SALGAR ANTIOQUIA","5642","5","056470"
5647,"05647000","SAN ANDRES ANTIOQUIA","5647","5","051037"
5649,"05649000","SAN CARLOS ANTIOQUIA","5649","5","054420"
5652,"05652000","SAN FRANCISCO ANTIOQUIA","5652","5","054810"
5656,"05656000","SAN JERONIMO ANTIOQUIA","5656","5","051070"
5658,"05658000","SAN JOSE DE LA MONTANA ANTIOQUIA","5658","5","051410"
5659,"05659000","SAN JUAN DE URABA ANTIOQUIA","5659","5","057810"
5660,"05660000","SAN LUIS ANTIOQUIA","5660","5","054430"
5664,"05664000","SAN PEDRO ANTIOQUIA","5664","5","052038"
5665,"05665000","SAN PEDRO DE URABA ANTIOQUIA","5665","5","057830"
5667,"05667000","SAN RAFAEL ANTIOQUIA","5667","5","053830"
5670,"05670000","SAN ROQUE ANTIOQUIA","5670","5","053030"
5674,"05674000","SAN VICENTE ANTIOQUIA","5674","5","054010"
5679,"05679000","SANTA BARBARA ANTIOQUIA","5679","5","055050"
5686,"05686000","SANTA ROSA DE OSOS ANTIOQUIA","5686","5","051860"
5690,"05690000","SANTO DOMINGO ANTIOQUIA","5690","5","053040"
5697,"05697000","EL SANTUARIO ANTIOQUIA","5697","5","054450"
5736,"05736000","SEGOVIA ANTIOQUIA","5736","5","052810"
5756,"05756000","SONSON ANTIOQUIA","5756","5","054820"
5761,"05761000","SOPETRAN ANTIOQUIA","5761","5","051440"
5789,"05789000","TAMESIS ANTIOQUIA","5789","5","056020"
5790,"05790000","TARAZA ANTIOQUIA","5790","5","052460"
5792,"05792000","TARSO ANTIOQUIA","5792","5","056430"
5809,"05809000","TITIRIBI ANTIOQUIA","5809","5","055850"
5819,"05819000","TOLEDO ANTIOQUIA","5819","5","052050"
5837,"05837000","TURBO ANTIOQUIA","5837","5","057860"
5842,"05842000","URAMITA ANTIOQUIA","5842","5","057440"
5847,"05847000","URRAO ANTIOQUIA","5847","5","056830"
5854,"05854000","VALDIVIA ANTIOQUIA","5854","5","052010"
5856,"05856000","VALPARAISO ANTIOQUIA","5856","5","056030"
5858,"05858000","VEGACHI ANTIOQUIA","5858","5","052830"
5861,"05861000","VENECIA ANTIOQUIA","5861","5","056420"
5873,"05873000","VIGIA DEL FUERTE ANTIOQUIA","5873","5","056820"
5885,"05885000","YALI ANTIOQUIA","5885","5","053010"
5887,"05887000","YARUMAL ANTIOQUIA","5887","5","052030"
5890,"05890000","YOLOMBO ANTIOQUIA","5890","5","053020"
5893,"05893000","YONDO ANTIOQUIA","5893","5","053410"
5895,"05895000","ZARAGOZA ANTIOQUIA","5895","5","052440"
8001,"08001000","BARRANQUILLA ATLANTICO","8001","8","080015"
8078,"08078000","BARANOA ATLANTICO","8078","8","082020"
8137,"08137000","CAMPO DE LA CRUZ ATLANTICO","8137","8","084040"
8141,"08141000","CANDELARIA ATLANTICO","8141","8","084020"
8296,"08296000","GALAPA ATLANTICO","8296","8","082001"
8372,"08372000","JUAN DE ACOSTA ATLANTICO","8372","8","081040"
8421,"08421000","LURUACO ATLANTICO","8421","8","085060"
8433,"08433000","MALAMBO ATLANTICO","8433","8","083021"
8436,"08436000","MANATI ATLANTICO","8436","8","085020"
8520,"08520000","PALMAR DE VARELA ATLANTICO","8520","8","083080"
8549,"08549000","PIOJO ATLANTICO","8549","8","081060"
8558,"08558000","POLONUEVO ATLANTICO","8558","8","082040"
8560,"08560000","PONEDERA ATLANTICO","8560","8","084001"
8573,"08573000","PUERTO COLOMBIA ATLANTICO","8573","8","081001"
8606,"08606000","REPELON ATLANTICO","8606","8","085040"
8634,"08634000","SABANAGRANDE ATLANTICO","8634","8","083040"
8638,"08638000","SABANALARGA ATLANTICO","8638","8","085001"
8675,"08675000","SANTA LUCIA ATLANTICO","8675","8","084080"
8685,"08685000","SANTO TOMAS ATLANTICO","8685","8","083060"
8758,"08758000","SOLEDAD ATLANTICO","8758","8","083005"
8770,"08770000","SUAN ATLANTICO","8770","8","084060"
8832,"08832000","TUBARA ATLANTICO","8832","8","081020"
8849,"08849000","USIACURI ATLANTICO","8849","8","082060"
11001,"11001000","BOGOTA BOGOTA D. C.","11001","11","110311"
13001,"13001000","CARTAGENA BOLIVAR","13001","13","130003"
13006,"13006000","ACHI BOLIVAR","13006","13","134020"
13030,"13030000","ALTOS DEL ROSARIO BOLIVAR","13030","13","133501"
13042,"13042000","ARENAL BOLIVAR","13042","13","134520"
13052,"13052000","ARJONA BOLIVAR","13052","13","131020"
13062,"13062000","ARROYOHONDO BOLIVAR","13062","13","131560"
13074,"13074000","BARRANCO DE LOBA BOLIVAR","13074","13","133510"
13140,"13140000","CALAMAR BOLIVAR","13140","13","131540"
13160,"13160000","CANTAGALLO BOLIVAR","13160","13","135060"
13188,"13188000","CICUCO BOLIVAR","13188","13","132550"
13212,"13212000","CORDOBA BOLIVAR","13212","13","132501"
13222,"13222000","CLEMENCIA BOLIVAR","13222","13","130510"
13244,"13244000","EL CARMEN DE BOLIVAR BOLIVAR","13244","13","132050"
13248,"13248000","EL GUAMO BOLIVAR","13248","13","132001"
13268,"13268000","EL PENON BOLIVAR","13268","13","133550"
13300,"13300000","HATILLO DE LOBA BOLIVAR","13300","13","133047"
13430,"13430000","MAGANGUE BOLIVAR","13430","13","132511"
13433,"13433000","MAHATES BOLIVAR","13433","13","131040"
13440,"13440000","MARGARITA BOLIVAR","13440","13","133020"
13442,"13442000","MARIA LA BAJA BOLIVAR","13442","13","131060"
13458,"13458000","MONTECRISTO BOLIVAR","13458","13","134070"
13468,"13468000","MOMPOS BOLIVAR","13468","13","132560"
13473,"13473000","MORALES BOLIVAR","13473","13","134540"
13490,"13490000","NOROSI BOLIVAR","13490","13","134510"
13549,"13549000","PINILLOS BOLIVAR","13549","13","134001"
13580,"13580000","REGIDOR BOLIVAR","13580","13","133560"
13600,"13600000","RIO VIEJO BOLIVAR","13600","13","134501"
13620,"13620000","SAN CRISTOBAL BOLIVAR","13620","13","131520"
13647,"13647000","SAN ESTANISLAO BOLIVAR","13647","13","130547"
13650,"13650000","SAN FERNANDO BOLIVAR","13650","13","133001"
13654,"13654000","SAN JACINTO BOLIVAR","13654","13","132030"
13655,"13655000","SAN JACINTO DEL CAUCA BOLIVAR","13655","13","134060"
13657,"13657000","SAN JUAN NEPOMUCENO BOLIVAR","13657","13","132010"
13667,"13667000","SAN MARTIN DE LOBA BOLIVAR","13667","13","133530"
13670,"13670000","SAN PABLO BOLIVAR","13670","13","135040"
13673,"13673000","SANTA CATALINA BOLIVAR","13673","13","130501"
13683,"13683000","SANTA ROSA BOLIVAR","13683","13","130520"
13688,"13688000","SANTA ROSA DEL SUR BOLIVAR","13688","13","135001"
13744,"13744000","SIMITI BOLIVAR","13744","13","135020"
13760,"13760000","SOPLAVIENTO BOLIVAR","13760","13","131501"
13780,"13780000","TALAIGUA NUEVO BOLIVAR","13780","13","132540"
13810,"13810000","TIQUISIO BOLIVAR","13810","13","134047"
13836,"13836000","TURBACO BOLIVAR","13836","13","131001"
13838,"13838000","TURBANA BOLIVAR","13838","13","131010"
13873,"13873000","VILLANUEVA BOLIVAR","13873","13","130530"
13894,"13894000","ZAMBRANO BOLIVAR","13894","13","132040"
15001,"15001000","TUNJA BOYACA","15001","15","150001"
15022,"15022000","ALMEIDA BOYACA","15022","15","153020"
15047,"15047000","AQUITANIA BOYACA","15047","15","152420"
15051,"15051000","ARCABUCO BOYACA","15051","15","154201"
15087,"15087000","BELEN BOYACA","15087","15","150640"
15090,"15090000","BERBEO BOYACA","15090","15","152610"
15092,"15092000","BETEITIVA BOYACA","15092","15","150610"
15097,"15097000","BOAVITA BOYACA","15097","15","151060"
15104,"15104000","BOYACA BOYACA","15104","15","153610"
15106,"15106000","BRICENO BOYACA","15106","15","154670"
15109,"15109000","BUENAVISTA BOYACA","15109","15","154840"
15114,"15114000","BUSBANZA BOYACA","15114","15","152080"
15131,"15131000","CALDAS BOYACA","15131","15","154660"
15135,"15135000","CAMPOHERMOSO BOYACA","15135","15","152640"
15162,"15162000","CERINZA BOYACA","15162","15","150620"
15172,"15172000","CHINAVITA BOYACA","15172","15","153280"
15176,"15176000","CHIQUINQUIRA BOYACA","15176","15","154640"
15180,"15180000","CHISCAS BOYACA","15180","15","151401"
15183,"15183000","CHITA BOYACA","15183","15","151601"
15185,"15185000","CHITARAQUE BOYACA","15185","15","154420"
15187,"15187000","CHIVATA BOYACA","15187","15","150240"
15189,"15189000","CIENEGA BOYACA","15189","15","153440"
15204,"15204000","COMBITA BOYACA","15204","15","150201"
15212,"15212000","COPER BOYACA","15212","15","154860"
15215,"15215000","CORRALES BOYACA","15215","15","152060"
15218,"15218000","COVARACHIA BOYACA","15218","15","151040"
15223,"15223000","CUBARA BOYACA","15223","15","151420"
15224,"15224000","CUCAITA BOYACA","15224","15","154060"
15226,"15226000","CUITIVA BOYACA","15226","15","152230"
15232,"15232000","CHIQUIZA BOYACA","15232","15","154027"
15236,"15236000","CHIVOR BOYACA","15236","15","153001"
15238,"15238000","DUITAMA BOYACA","15238","15","150461"
15244,"15244000","EL COCUY BOYACA","15244","15","151280"
15248,"15248000","EL ESPINO BOYACA","15248","15","151240"
15272,"15272000","FIRAVITOBA BOYACA","15272","15","152250"
15276,"15276000","FLORESTA BOYACA","15276","15","150601"
15293,"15293000","GACHANTIVA BOYACA","15293","15","154220"
15296,"15296000","GAMEZA BOYACA","15296","15","152020"
15299,"15299000","GARAGOA BOYACA","15299","15","152860"
15317,"15317000","GUACAMAYAS BOYACA","15317","15","151220"
15322,"15322000","GUATEQUE BOYACA","15322","15","153050"
15325,"15325000","GUAYATA BOYACA","15325","15","153040"
15332,"15332000","GUICAN BOYACA","15332","15","153610"
15362,"15362000","IZA BOYACA","15362","15","152240"
15367,"15367000","JENESANO BOYACA","15367","15","153601"
15368,"15368000","JERICO BOYACA","15368","15","150840"
15377,"15377000","LABRANZAGRANDE BOYACA","15377","15","151840"
15380,"15380000","LA CAPILLA BOYACA","15380","15","153220"
15401,"15401000","LA VICTORIA BOYACA","15401","15","155001"
15403,"15403000","LA UVITA BOYACA","15403","15","150860"
15407,"15407000","VILLA DE LEYVA BOYACA","15407","15","154001"
15425,"15425000","MACANAL BOYACA","15425","15","152840"
15442,"15442000","MARIPI BOYACA","15442","15","154820"
15455,"15455000","MIRAFLORES BOYACA","15455","15","152660"
15464,"15464000","MONGUA BOYACA","15464","15","152001"
15466,"15466000","MONGUI BOYACA","15466","15","152201"
15469,"15469000","MONIQUIRA BOYACA","15469","15","154260"
15476,"15476000","MOTAVITA BOYACA","15476","15","154080"
15480,"15480000","MUZO BOYACA","15480","15","154880"
15491,"15491000","NOBSA BOYACA","15491","15","152280"
15494,"15494000","NUEVO COLON BOYACA","15494","15","153620"
15500,"15500000","OICATA BOYACA","15500","15","150220"
15507,"15507000","OTANCHE BOYACA","15507","15","155060"
15511,"15511000","PACHAVITA BOYACA","15511","15","153210"
15514,"15514000","PAEZ BOYACA","15514","15","152620"
15516,"15516000","PAIPA BOYACA","15516","15","150440"
15518,"15518000","PAJARITO BOYACA","15518","15","152401"
15522,"15522000","PANQUEBA BOYACA","15522","15","151260"
15531,"15531000","PAUNA BOYACA","15531","15","154801"
15533,"15533000","PAYA BOYACA","15533","15","151820"
15537,"15537000","PAZ DE RIO BOYACA","15537","15","150680"
15542,"15542000","PESCA BOYACA","15542","15","152460"
15550,"15550000","PISBA BOYACA","15550","15","151801"
15572,"15572000","PUERTO BOYACA BOYACA","15572","15","155201"
15580,"15580000","QUIPAMA BOYACA","15580","15","155020"
15599,"15599000","RAMIRIQUI BOYACA","15599","15","153401"
15600,"15600000","RAQUIRA BOYACA","15600","15","153801"
15621,"15621000","RONDON BOYACA","15621","15","153420"
15632,"15632000","SABOYA BOYACA","15632","15","154601"
15638,"15638000","SACHICA BOYACA","15638","15","153880"
15646,"15646000","SAMACA BOYACA","15646","15","153660"
15660,"15660000","SAN EDUARDO BOYACA","15660","15","152601"
15664,"15664000","SAN JOSE DE PARE BOYACA","15664","15","154460"
15667,"15667000","SAN LUIS DE GACENO BOYACA","15667","15","152801"
15673,"15673000","SAN MATEO BOYACA","15673","15","151201"
15676,"15676000","SAN MIGUEL DE SEMA BOYACA","15676","15","153820"
15681,"15681000","SAN PABLO DE BORBUR BOYACA","15681","15","155040"
15686,"15686000","SANTANA BOYACA","15686","15","154440"
15690,"15690000","SANTA MARIA BOYACA","15690","15","152820"
15693,"15693000","SANTA ROSA DE VITERBO BOYACA","15693","15","150480"
15696,"15696000","SANTA SOFIA BOYACA","15696","15","154240"
15720,"15720000","SATIVANORTE BOYACA","15720","15","150820"
15723,"15723000","SATIVASUR BOYACA","15723","15","150801"
15740,"15740000","SIACHOQUE BOYACA","15740","15","153460"
15753,"15753000","SOATA BOYACA","15753","15","151001"
15755,"15755000","SOCOTA BOYACA","15755","15","151620"
15757,"15757000","SOCHA BOYACA","15757","15","151640"
15759,"15759000","SOGAMOSO BOYACA","15759","15","152210"
15761,"15761000","SOMONDOCO BOYACA","15761","15","153030"
15762,"15762000","SORA BOYACA","15762","15","154040"
15763,"15763000","SOTAQUIRA BOYACA","15763","15","150420"
15764,"15764000","SORACA BOYACA","15764","15","153480"
15774,"15774000","SUSACON BOYACA","15774","15","150880"
15776,"15776000","SUTAMARCHAN BOYACA","15776","15","153860"
15778,"15778000","SUTATENZA BOYACA","15778","15","153060"
15790,"15790000","TASCO BOYACA","15790","15","151660"
15798,"15798000","TENZA BOYACA","15798","15","153201"
15804,"15804000","TIBANA BOYACA","15804","15","153260"
15806,"15806000","TIBASOSA BOYACA","15806","15","152260"
15808,"15808000","TINJACA BOYACA","15808","15","153840"
15810,"15810000","TIPACOQUE BOYACA","15810","15","151020"
15814,"15814000","TOCA BOYACA","15814","15","150260"
15816,"15816000","TOGUI BOYACA","15816","15","153649"
15820,"15820000","TOPAGA BOYACA","15820","15","152040"
15822,"15822000","TOTA BOYACA","15822","15","152440"
15832,"15832000","TUNUNGUA BOYACA","15832","15","154680"
15835,"15835000","TURMEQUE BOYACA","15835","15","153630"
15837,"15837000","TUTA BOYACA","15837","15","150401"
15839,"15839000","TUTAZA BOYACA","15839","15","150667"
15842,"15842000","UMBITA BOYACA","15842","15","153240"
15861,"15861000","VENTAQUEMADA BOYACA","15861","15","153640"
15879,"15879000","VIRACACHA BOYACA","15879","15","153450"
15897,"15897000","ZETAQUIRA BOYACA","15897","15","152680"
17001,"17001000","MANIZALES CALDAS","17001","17","170004"
17013,"17013000","AGUADAS CALDAS","17013","17","172020"
17042,"17042000","ANSERMA CALDAS","17042","17","177080"
17050,"17050000","ARANZAZU CALDAS","17050","17","171040"
17088,"17088000","BELALCAZAR CALDAS","17088","17","177001"
17174,"17174000","CHINCHINA CALDAS","17174","17","176020"
17272,"17272000","FILADELFIA CALDAS","17272","17","171020"
17380,"17380000","LA DORADA CALDAS","17380","17","175031"
17388,"17388000","LA MERCED CALDAS","17388","17","172060"
17433,"17433000","MANZANARES CALDAS","17433","17","173020"
17442,"17442000","MARMATO CALDAS","17442","17","178001"
17444,"17444000","MARQUETALIA CALDAS","17444","17","173040"
17446,"17446000","MARULANDA CALDAS","17446","17","173001"
17486,"17486000","NEIRA CALDAS","17486","17","171001"
17495,"17495000","NORCASIA CALDAS","17495","17","175001"
17513,"17513000","PACORA CALDAS","17513","17","172040"
17524,"17524000","PALESTINA CALDAS","17524","17","176040"
17541,"17541000","PENSILVANIA CALDAS","17541","17","173060"
17614,"17614000","RIOSUCIO CALDAS","17614","17","178040"
17616,"17616000","RISARALDA CALDAS","17616","17","177060"
17653,"17653000","SALAMINA CALDAS","17653","17","172001"
17662,"17662000","SAMANA CALDAS","17662","17","174001"
17665,"17665000","SAN JOSE CALDAS","17665","17","177040"
17777,"17777000","SUPIA CALDAS","17777","17","178020"
17867,"17867000","VICTORIA CALDAS","17867","17","174030"
17873,"17873000","VILLAMARIA CALDAS","17873","17","176001"
17877,"17877000","VITERBO CALDAS","17877","17","177020"
18001,"18001000","FLORENCIA CAQUETA","18001","18","180002"
18029,"18029000","ALBANIA CAQUETA","18029","18","186030"
18094,"18094000","BELEN DE LOS ANDAQUIES CAQUETA","18094","18","186010"
18150,"18150000","CARTAGENA DEL CHAIRA CAQUETA","18150","18","183010"
18205,"18205000","CURILLO CAQUETA","18205","18","186050"
18247,"18247000","EL DONCELLO CAQUETA","18247","18","181010"
18256,"18256000","EL PAUJIL CAQUETA","18256","18","181030"
18410,"18410000","LA MONTANITA CAQUETA","18410","18","181050"
18460,"18460000","MILAN CAQUETA","18460","18","185030"
18479,"18479000","MORELIA CAQUETA","18479","18","185010"
18592,"18592000","PUERTO RICO CAQUETA","18592","18","182050"
18610,"18610000","SAN JOSE DE LA FRAGUA CAQUETA","18610","18","186070"
18753,"18753000","SAN VICENTE DEL CAGUAN CAQUETA","18753","18","182010"
18756,"18756000","SOLANO CAQUETA","18756","18","184010"
18785,"18785000","SOLITA CAQUETA","18785","18","185070"
18860,"18860000","VALPARAISO CAQUETA","18860","18","185050"
19001,"19001000","POPAYAN CAUCA","19001","19","190003"
19022,"19022000","ALMAGUER CAUCA","19022","19","194080"
19050,"19050000","ARGELIA CAUCA","19050","19","195567"
19075,"19075000","BALBOA CAUCA","19075","19","195530"
19100,"19100000","BOLIVAR CAUCA","19100","19","195001"
19110,"19110000","BUENOS AIRES CAUCA","19110","19","191008"
19130,"19130000","CAJIBIO CAUCA","19130","19","190501"
19137,"19137000","CALDONO CAUCA","19137","19","192040"
19142,"19142000","CALOTO CAUCA","19142","19","191070"
19212,"19212000","CORINTO CAUCA","19212","19","191560"
19256,"19256000","EL TAMBO CAUCA","19256","19","193570"
19290,"19290000","FLORENCIA CAUCA","19290","19","195040"
19300,"19300000","GUACHENE CAUCA","19300","19","191087"
19318,"19318000","GUAPI CAUCA","19318","19","196001"
19355,"19355000","INZA CAUCA","19355","19","192531"
19364,"19364000","JAMBALO CAUCA","19364","19","192020"
19392,"19392000","LA SIERRA CAUCA","19392","19","194001"
19397,"19397000","LA VEGA CAUCA","19397","19","194020"
19418,"19418000","LOPEZ CAUCA","19418","19","196060"
19450,"19450000","MERCADERES CAUCA","19450","19","195060"
19455,"19455000","MIRANDA CAUCA","19455","19","191520"
19473,"19473000","MORALES CAUCA","19473","19","190550"
19513,"19513000","PADILLA CAUCA","19513","19","191540"
19517,"19517000","PAEZ CAUCA","19517","19","192509"
19532,"19532000","PATIA CAUCA","19532","19","195501"
19533,"19533000","PIAMONTE CAUCA","19533","19","194550"
19548,"19548000","PIENDAMO CAUCA","19548","19","190530"
19573,"19573000","PUERTO TEJADA CAUCA","19573","19","191501"
19585,"19585000","PURACE CAUCA","19585","19","193008"
19622,"19622000","ROSAS CAUCA","19622","19","193550"
19693,"19693000","SAN SEBASTIAN CAUCA","19693","19","194501"
19698,"19698000","SANTANDER DE QUILICHAO CAUCA","19698","19","191030"
19701,"19701000","SANTA ROSA CAUCA","19701","19","194520"
19743,"19743000","SILVIA CAUCA","19743","19","192070"
19760,"19760000","SOTARA CAUCA","19760","19","193501"
19780,"19780000","SUAREZ CAUCA","19780","19","190580"
19785,"19785000","SUCRE CAUCA","19785","19","194060"
19807,"19807000","TIMBIO CAUCA","19807","19","193520"
19809,"19809000","TIMBIQUI CAUCA","19809","19","196030"
19821,"19821000","TORIBIO CAUCA","19821","19","192001"
19824,"19824000","TOTORO CAUCA","19824","19","192570"
19845,"19845000","VILLA RICA CAUCA","19845","19","191060"
20001,"20001000","VALLEDUPAR CESAR","20001","20","200004"
20011,"20011000","AGUACHICA CESAR","20011","20","205010"
20013,"20013000","AGUSTIN CODAZZI CESAR","20013","20","202050"
20032,"20032000","ASTREA CESAR","20032","20","201040"
20045,"20045000","BECERRIL CESAR","20045","20","203001"
20060,"20060000","BOSCONIA CESAR","20060","20","201020"
20175,"20175000","CHIMICHAGUA CESAR","20175","20","201050"
20178,"20178000","CHIRIGUANA CESAR","20178","20","203040"
20228,"20228000","CURUMANI CESAR","20228","20","203060"
20238,"20238000","EL COPEY CESAR","20238","20","201010"
20250,"20250000","EL PASO CESAR","20250","20","201038"
20295,"20295000","GAMARRA CESAR","20295","20","205001"
20310,"20310000","GONZALEZ CESAR","20310","20","205030"
20383,"20383000","LA GLORIA CESAR","20383","20","204060"
20400,"20400000","LA JAGUA DE IBIRICO CESAR","20400","20","203020"
20443,"20443000","MANAURE CESAR","20443","20","852019"
20517,"20517000","PAILITAS CESAR","20517","20","204001"
20550,"20550000","PELAYA CESAR","20550","20","204040"
20570,"20570000","PUEBLO BELLO CESAR","20570","20","201001"
20614,"20614000","RIO DE ORO CESAR","20614","20","205040"
20621,"20621000","LA PAZ CESAR","20621","20","202010"
20710,"20710000","SAN ALBERTO CESAR","20710","20","205070"
20750,"20750000","SAN DIEGO CESAR","20750","20","202030"
20770,"20770000","SAN MARTIN CESAR","20770","20","205050"
20787,"20787000","TAMALAMEQUE CESAR","20787","20","204020"
23001,"23001000","MONTERIA CORDOBA","23001","23","230002"
23068,"23068000","AYAPEL CORDOBA","23068","23","233530"
23079,"23079000","BUENAVISTA CORDOBA","23079","23","233020"
23090,"23090000","CANALETE CORDOBA","23090","23","235040"
23162,"23162000","CERETE CORDOBA","23162","23","230550"
23168,"23168000","CHIMA CORDOBA","23168","23","232010"
23182,"23182000","CHINU CORDOBA","23182","23","232050"
23189,"23189000","CIENAGA DE ORO CORDOBA","23189","23","232520"
23300,"23300000","COTORRA CORDOBA","23300","23","230501"
23350,"23350000","LA APARTADA CORDOBA","23350","23","233501"
23417,"23417000","LORICA CORDOBA","23417","23","231020"
23419,"23419000","LOS CORDOBAS CORDOBA","23419","23","235020"
23464,"23464000","MOMIL CORDOBA","23464","23","232001"
23466,"23466000","MONTELIBANO CORDOBA","23466","23","234001"
23500,"23500000","MONITOS CORDOBA","23500","23","231001"
23555,"23555000","PLANETA RICA CORDOBA","23555","23","233040"
23570,"23570000","PUEBLO NUEVO CORDOBA","23570","23","233001"
23574,"23574000","PUERTO ESCONDIDO CORDOBA","23574","23","235001"
23580,"23580000","PUERTO LIBERTADOR CORDOBA","23580","23","234030"
23586,"23586000","PURISIMA CORDOBA","23586","23","524001"
23660,"23660000","SAHAGUN CORDOBA","23660","23","232540"
23670,"23670000","SAN ANDRES DE SOTAVENTO CORDOBA","23670","23","232017"
23672,"23672000","SAN ANTERO CORDOBA","23672","23","231520"
23675,"23675000","SAN BERNARDO DEL VIENTO CORDOBA","23675","23","231501"
23678,"23678000","SAN CARLOS CORDOBA","23678","23","232501"
23682,"23682000","SAN JOSE DE URE CORDOBA","23682","23","234010"
23686,"23686000","SAN PELAYO CORDOBA","23686","23","230520"
23807,"23807000","TIERRALTA CORDOBA","23807","23","234501"
23815,"23815000","TUCHÍN TUCHÍN CORDOBA","23815","23","232020"
23855,"23855000","VALENCIA CORDOBA","23855","23","234530"
25001,"25001000","AGUA DE DIOS CUNDINAMARCA","25001","25","252850"
25019,"25019000","ALBAN CUNDINAMARCA","25019","25","253201"
25035,"25035000","ANAPOIMA CUNDINAMARCA","25035","25","252640"
25040,"25040000","ANOLAIMA CUNDINAMARCA","25040","25","253040"
25053,"25053000","ARBELAEZ CUNDINAMARCA","25053","25","252001"
25086,"25086000","BELTRAN CUNDINAMARCA","25086","25","253260"
25095,"25095000","BITUIMA CUNDINAMARCA","25095","25","253220"
25099,"25099000","BOJACA CUNDINAMARCA","25099","25","253001"
25120,"25120000","CABRERA CUNDINAMARCA","25120","25","252040"
25123,"25123000","CACHIPAY CUNDINAMARCA","25123","25","253020"
25126,"25126000","CAJICA CUNDINAMARCA","25126","25","250240"
25148,"25148000","CAPARRAPI CUNDINAMARCA","25148","25","253460"
25151,"25151000","CAQUEZA CUNDINAMARCA","25151","25","251820"
25154,"25154000","CARMEN DE CARUPA CUNDINAMARCA","25154","25","250420"
25168,"25168000","CHAGUANI CUNDINAMARCA","25168","25","253240"
25175,"25175000","CHIA CUNDINAMARCA","25175","25","250001"
25178,"25178000","CHIPAQUE CUNDINAMARCA","25178","25","251801"
25181,"25181000","CHOACHI CUNDINAMARCA","25181","25","251620"
25183,"25183000","CHOCONTA CUNDINAMARCA","25183","25","250801"
25200,"25200000","COGUA CUNDINAMARCA","25200","25","250401"
25214,"25214000","COTA CUNDINAMARCA","25214","25","250010"
25224,"25224000","CUCUNUBA CUNDINAMARCA","25224","25","250450"
25245,"25245000","EL COLEGIO CUNDINAMARCA","25245","25","252630"
25258,"25258000","EL PENON CUNDINAMARCA","25258","25","254020"
25260,"25260000","EL ROSAL CUNDINAMARCA","25260","25","250210"
25269,"25269000","FACATATIVA CUNDINAMARCA","25269","25","253051"
25279,"25279000","FOMEQUE CUNDINAMARCA","25279","25","251640"
25281,"25281000","FOSCA CUNDINAMARCA","25281","25","251830"
25286,"25286000","FUNZA CUNDINAMARCA","25286","25","250020"
25288,"25288000","FUQUENE CUNDINAMARCA","25288","25","250620"
25290,"25290000","FUSAGASUGA CUNDINAMARCA","25290","25","252212"
25293,"25293000","GACHALA CUNDINAMARCA","25293","25","251250"
25295,"25295000","GACHANCIPA CUNDINAMARCA","25295","25","251020"
25297,"25297000","GACHETA CUNDINAMARCA","25297","25","251230"
25299,"25299000","GAMA CUNDINAMARCA","25299","25","251240"
25307,"25307000","GIRARDOT CUNDINAMARCA","25307","25","252432"
25312,"25312000","GRANADA CUNDINAMARCA","25312","25","252250"
25317,"25317000","GUACHETA CUNDINAMARCA","25317","25","250610"
25320,"25320000","GUADUAS CUNDINAMARCA","25320","25","253440"
25322,"25322000","GUASCA CUNDINAMARCA","25322","25","251210"
25324,"25324000","GUATAQUI CUNDINAMARCA","25324","25","252820"
25326,"25326000","GUATAVITA CUNDINAMARCA","25326","25","251060"
25328,"25328000","GUAYABAL DE SIQUIMA CUNDINAMARCA","25328","25","253210"
25335,"25335000","GUAYABETAL CUNDINAMARCA","25335","25","251850"
25339,"25339000","GUTIERREZ CUNDINAMARCA","25339","25","251860"
25368,"25368000","JERUSALEN CUNDINAMARCA","25368","25","252810"
25372,"25372000","JUNIN CUNDINAMARCA","25372","25","251220"
25377,"25377000","LA CALERA CUNDINAMARCA","25377","25","251201"
25386,"25386000","LA MESA CUNDINAMARCA","25386","25","252601"
25394,"25394000","LA PALMA CUNDINAMARCA","25394","25","253801"
25398,"25398000","LA PENA CUNDINAMARCA","25398","25","253640"
25402,"25402000","LA VEGA CUNDINAMARCA","25402","25","253610"
25407,"25407000","LENGUAZAQUE CUNDINAMARCA","25407","25","250601"
25426,"25426000","MACHETA CUNDINAMARCA","25426","25","250840"
25430,"25430000","MADRID CUNDINAMARCA","25430","25","250030"
25436,"25436000","MANTA CUNDINAMARCA","25436","25","250830"
25438,"25438000","MEDINA CUNDINAMARCA","25438","25","251420"
25473,"25473000","MOSQUERA CUNDINAMARCA","25473","25","250040"
25483,"25483000","NARINO CUNDINAMARCA","25483","25","252830"
25486,"25486000","NEMOCON CUNDINAMARCA","25486","25","251030"
25488,"25488000","NILO CUNDINAMARCA","25488","25","252401"
25489,"25489000","NIMAIMA CUNDINAMARCA","25489","25","253630"
25491,"25491000","NOCAIMA CUNDINAMARCA","25491","25","253620"
25506,"25506000","VENECIA CUNDINAMARCA","25506","25","252030"
25513,"25513000","PACHO CUNDINAMARCA","25513","25","254001"
25518,"25518000","PAIME CUNDINAMARCA","25518","25","254040"
25524,"25524000","PANDI CUNDINAMARCA","25524","25","252010"
25530,"25530000","PARATEBUENO CUNDINAMARCA","25530","25","251401"
25535,"25535000","PASCA CUNDINAMARCA","25535","25","252201"
25572,"25572000","PUERTO SALGAR CUNDINAMARCA","25572","25","253480"
25580,"25580000","PULI CUNDINAMARCA","25580","25","252801"
25592,"25592000","QUEBRADANEGRA CUNDINAMARCA","25592","25","253420"
25594,"25594000","QUETAME CUNDINAMARCA","25594","25","251840"
25596,"25596000","QUIPILE CUNDINAMARCA","25596","25","253030"
25599,"25599000","APULO CUNDINAMARCA","25599","25","252650"
25612,"25612000","RICAURTE CUNDINAMARCA","25612","25","252410"
25645,"25645000","SAN ANTONIO DEL TEQUEND CUNDINAMARCA","25645","25","252620"
25649,"25649000","SAN BERNARDO CUNDINAMARCA","25649","25","252020"
25653,"25653000","SAN CAYETANO CUNDINAMARCA","25653","25","254050"
25658,"25658000","SAN FRANCISCO CUNDINAMARCA","25658","25","253601"
25662,"25662000","SAN JUAN DE RIO SECO CUNDINAMARCA","25662","25","253250"
25718,"25718000","SASAIMA CUNDINAMARCA","25718","25","253401"
25736,"25736000","SESQUILE CUNDINAMARCA","25736","25","251050"
25740,"25740000","SIBATE CUNDINAMARCA","25740","25","250070"
25743,"25743000","SILVANIA CUNDINAMARCA","25743","25","252240"
25745,"25745000","SIMIJACA CUNDINAMARCA","25745","25","250640"
25754,"25754000","SOACHA CUNDINAMARCA","25754","25","250053"
25758,"25758000","SOPO CUNDINAMARCA","25758","25","251001"
25769,"25769000","SUBACHOQUE CUNDINAMARCA","25769","25","250220"
25772,"25772000","SUESCA CUNDINAMARCA","25772","25","251040"
25777,"25777000","SUPATA CUNDINAMARCA","25777","25","253660"
25779,"25779000","SUSA CUNDINAMARCA","25779","25","250630"
25781,"25781000","SUTATAUSA CUNDINAMARCA","25781","25","250440"
25785,"25785000","TABIO CUNDINAMARCA","25785","25","250230"
25793,"25793000","TAUSA CUNDINAMARCA","25793","25","250410"
25797,"25797000","TENA CUNDINAMARCA","25797","25","252610"
25799,"25799000","TENJO CUNDINAMARCA","25799","25","250201"
25805,"25805000","TIBACUY CUNDINAMARCA","25805","25","252230"
25807,"25807000","TIBIRITA CUNDINAMARCA","25807","25","250820"
25815,"25815000","TOCAIMA CUNDINAMARCA","25815","25","252840"
25817,"25817000","TOCANCIPA CUNDINAMARCA","25817","25","251010"
25823,"25823000","TOPAIPI CUNDINAMARCA","25823","25","253820"
25839,"25839000","UBALA CUNDINAMARCA","25839","25","251260"
25841,"25841000","UBAQUE CUNDINAMARCA","25841","25","251601"
25843,"25843000","VILLA DE SAN DIEGO DE UBATE CUNDINAMARCA","25843","25","250430"
25845,"25845000","UNE CUNDINAMARCA","25845","25","251810"
25851,"25851000","UTICA CUNDINAMARCA","25851","25","253430"
25862,"25862000","VERGARA CUNDINAMARCA","25862","25","253650"
25867,"25867000","VIANI CUNDINAMARCA","25867","25","253230"
25871,"25871000","VILLAGOMEZ CUNDINAMARCA","25871","25","254030"
25873,"25873000","VILLAPINZON CUNDINAMARCA","25873","25","250810"
25875,"25875000","VILLETA CUNDINAMARCA","25875","25","253410"
25878,"25878000","VIOTA CUNDINAMARCA","25878","25","252660"
25885,"25885000","YACOPI CUNDINAMARCA","25885","25","253840"
25898,"25898000","ZIPACON CUNDINAMARCA","25898","25","253010"
25899,"25899000","ZIPAQUIRA CUNDINAMARCA","25899","25","250252"
27001,"27001000","QUIBDO CHOCO","27001","27","270009"
27006,"27006000","ACANDI CHOCO","27006","27","278010"
27025,"27025000","ALTO BAUDO CHOCO","27025","27","276070"
27050,"27050000","ATRATO CHOCO","27050","27","272017"
27073,"27073000","BAGADO CHOCO","27073","27","271050"
27075,"27075000","BAHIA SOLANO CHOCO","27075","27","276030"
27077,"27077000","BAJO BAUDO CHOCO","27077","27","275030"
27099,"27099000","BOJAYA CHOCO","27099","27","277050"
27135,"27135000","EL CANTON DEL SAN PABLO CHOCO","27135","27","272040"
27150,"27150000","CARMEN DEL DARIEN CHOCO","27150","27","277030"
27160,"27160000","CERTEGUI CHOCO","27160","27","272020"
27205,"27205000","CONDOTO CHOCO","27205","27","273030"
27245,"27245000","EL CARMEN DE ATRATO CHOCO","27245","27","271010"
27250,"27250000","EL LITORAL DEL SAN JUAN CHOCO","27250","27","275050"
27361,"27361000","ISTMINA CHOCO","27361","27","274010"
27372,"27372000","JURADO CHOCO","27372","27","276010"
27413,"27413000","LLORO CHOCO","27413","27","271030"
27425,"27425000","MEDIO ATRATO CHOCO","27425","27","270070"
27430,"27430000","MEDIO BAUDO CHOCO","27430","27","275010"
27450,"27450000","MEDIO SAN JUAN CHOCO","27450","27","274037"
27491,"27491000","NOVITA CHOCO","27491","27","273050"
27495,"27495000","NUQUI CHOCO","27495","27","276050"
27580,"27580000","RIO IRO CHOCO","27580","27","273010"
27600,"27600000","RIO QUITO CHOCO","27600","27","272057"
27615,"27615000","RIOSUCIO CHOCO","27615","27","278050"
27660,"27660000","SAN JOSE DEL PALMAR CHOCO","27660","27","273070"
27745,"27745000","SIPI CHOCO","27745","27","274050"
27787,"27787000","TADO CHOCO","27787","27","271070"
27800,"27800000","UNGUIA CHOCO","27800","27","278030"
27810,"27810000","UNION PANAMERICANA CHOCO","27810","27","272037"
41001,"41001000","NEIVA HUILA","41001","41","410005"
41006,"41006000","ACEVEDO HUILA","41006","41","417070"
41013,"41013000","AGRADO HUILA","41013","41","414040"
41016,"41016000","AIPE HUILA","41016","41","411001"
41020,"41020000","ALGECIRAS HUILA","41020","41","413040"
41026,"41026000","ALTAMIRA HUILA","41026","41","416020"
41078,"41078000","BARAYA HUILA","41078","41","411060"
41132,"41132000","CAMPOALEGRE HUILA","41132","41","413020"
41206,"41206000","COLOMBIA HUILA","41206","41","411080"
41244,"41244000","ELIAS HUILA","41244","41","417001"
41298,"41298000","GARZON HUILA","41298","41","414020"
41306,"41306000","GIGANTE HUILA","41306","41","414001"
41319,"41319000","GUADALUPE HUILA","41319","41","416048"
41349,"41349000","HOBO HUILA","41349","41","413060"
41357,"41357000","IQUIRA HUILA","41357","41","412060"
41359,"41359000","ISNOS HUILA","41359","41","418040"
41378,"41378000","LA ARGENTINA HUILA","41378","41","415080"
41396,"41396000","LA PLATA HUILA","41396","41","415060"
41483,"41483000","NATAGA HUILA","41483","41","415020"
41503,"41503000","OPORAPA HUILA","41503","41","418001"
41518,"41518000","PAICOL HUILA","41518","41","415040"
41524,"41524000","PALERMO HUILA","41524","41","412001"
41530,"41530000","PALESTINA HUILA","41530","41","417060"
41548,"41548000","PITAL HUILA","41548","41","414060"
41551,"41551000","PITALITO HUILA","41551","41","417030"
41615,"41615000","RIVERA HUILA","41615","41","413001"
41660,"41660000","SALADOBLANCO HUILA","41660","41","418020"
41668,"41668000","SAN AGUSTIN HUILA","41668","41","418060"
41676,"41676000","SANTA MARIA HUILA","41676","41","412020"
41770,"41770000","SUAZA HUILA","41770","41","416080"
41791,"41791000","TARQUI HUILA","41791","41","416001"
41797,"41797000","TESALIA HUILA","41797","41","415001"
41799,"41799000","TELLO HUILA","41799","41","411040"
41801,"41801000","TERUEL HUILA","41801","41","412040"
41807,"41807000","TIMANA HUILA","41807","41","417010"
41872,"41872000","VILLAVIEJA HUILA","41872","41","411020"
41885,"41885000","YAGUARA HUILA","41885","41","412080"
44001,"44001000","RIOHACHA LA GUAJIRA","44001","44","440002"
44035,"44035000","ALBANIA LA GUAJIRA","44035","44","443001"
44078,"44078000","BARRANCAS LA GUAJIRA","44078","44","443040"
44090,"44090000","DIBULLA LA GUAJIRA","44090","44","446001"
44098,"44098000","DISTRACCION LA GUAJIRA","44098","44","444001"
44110,"44110000","EL MOLINO LA GUAJIRA","44110","44","444050"
44279,"44279000","FONSECA LA GUAJIRA","44279","44","444010"
44378,"44378000","HATONUEVO LA GUAJIRA","44378","44","443020"
44420,"44420000","LA JAGUA DEL PILAR LA GUAJIRA","44420","44","445040"
44430,"44430000","MAICAO LA GUAJIRA","44430","44","442001"
44560,"44560000","MANAURE LA GUAJIRA","44560","44","441001"
44650,"44650000","SAN JUAN DEL CESAR LA GUAJIRA","44650","44","444030"
44847,"44847000","URIBIA LA GUAJIRA","44847","44","441020"
44855,"44855000","URUMITA LA GUAJIRA","44855","44","445020"
44874,"44874000","VILLANUEVA LA GUAJIRA","44874","44","445001"
47001,"47001000","SANTA MARTA MAGDALENA","47001","47","470003"
47030,"47030000","ALGARROBO MAGDALENA","47030","47","472040"
47053,"47053000","ARACATACA MAGDALENA","47053","47","472001"
47058,"47058000","ARIGUANI MAGDALENA","47058","47","475010"
47161,"47161000","CERRO SAN ANTONIO MAGDALENA","47161","47","476020"
47170,"47170000","CHIVOLO MAGDALENA","47170","47","476060"
47189,"47189000","CIENAGA MAGDALENA","47189","47","478002"
47205,"47205000","CONCORDIA MAGDALENA","47205","47","476030"
47245,"47245000","EL BANCO MAGDALENA","47245","47","473040"
47258,"47258000","EL PINON MAGDALENA","47258","47","476001"
47268,"47268000","EL RETEN MAGDALENA","47268","47","478060"
47288,"47288000","FUNDACION MAGDALENA","47288","47","472020"
47318,"47318000","GUAMAL MAGDALENA","47318","47","473020"
47460,"47460000","NUEVA GRANADA MAGDALENA","47460","47","475027"
47541,"47541000","PEDRAZA MAGDALENA","47541","47","476040"
47545,"47545000","PIJINO DEL CARMEN MAGDALENA","47545","47","474040"
47551,"47551000","PIVIJAY MAGDALENA","47551","47","477050"
47555,"47555000","PLATO MAGDALENA","47555","47","475030"
47570,"47570000","PUEBLOVIEJO MAGDALENA","47570","47","478040"
47605,"47605000","REMOLINO MAGDALENA","47605","47","477020"
47660,"47660000","SABANAS DE SAN ANGEL MAGDALENA","47660","47","475001"
47675,"47675000","SALAMINA MAGDALENA","47675","47","477040"
47692,"47692000","SAN SEBASTIAN DE BUENAV MAGDALENA","47692","47","473001"
47703,"47703000","SAN ZENON MAGDALENA","47703","47","474067"
47707,"47707000","SANTA ANA MAGDALENA","47707","47","474020"
47720,"47720000","SANTA BARBARA DE PINTO MAGDALENA","47720","47","474001"
47745,"47745000","SITIONUEVO MAGDALENA","47745","47","477001"
47798,"47798000","TENERIFE MAGDALENA","47798","47","475050"
47960,"47960000","ZAPAYAN MAGDALENA","47960","47","476050"
47980,"47980000","ZONA BANANERA MAGDALENA","47980","47","478037"
50001,"50001000","VILLAVICENCIO META","50001","50","500003"
50006,"50006000","ACACIAS META","50006","50","507001"
50110,"50110000","BARRANCA DE UPIA META","50110","50","501001"
50124,"50124000","CABUYARO META","50124","50","501011"
50150,"50150000","CASTILLA LA NUEVA META","50150","50","507041"
50223,"50223000","CUBARRAL META","50223","50","506007"
50226,"50226000","CUMARAL META","50226","50","501021"
50245,"50245000","EL CALVARIO META","50245","50","501041"
50251,"50251000","EL CASTILLO META","50251","50","506041"
50270,"50270000","EL DORADO META","50270","50","506021"
50287,"50287000","FUENTE DE ORO META","50287","50","504021"
50313,"50313000","GRANADA META","50313","50","504001"
50318,"50318000","GUAMAL META","50318","50","507051"
50325,"50325000","MAPIRIPAN META","50325","50","503021"
50330,"50330000","MESETAS META","50330","50","505001"
50350,"50350000","LA MACARENA META","50350","50","505021"
50370,"50370000","URIBE META","50370","50","505041"
50400,"50400000","LEJANIAS META","50400","50","506061"
50450,"50450000","PUERTO CONCORDIA META","50450","50","503041"
50568,"50568000","PUERTO GAITAN META","50568","50","502041"
50573,"50573000","PUERTO LOPEZ META","50573","50","502001"
50577,"50577000","PUERTO LLERAS META","50577","50","503001"
50590,"50590000","PUERTO RICO META","50590","50","503061"
50606,"50606000","RESTREPO META","50606","50","501031"
50680,"50680000","SAN CARLOS DE GUAROA META","50680","50","507011"
50683,"50683000","SAN JUAN DE ARAMA META","50683","50","504041"
50686,"50686000","SAN JUANITO META","50686","50","501051"
50689,"50689000","SAN MARTIN META","50689","50","507021"
50711,"50711000","VISTA HERMOSA META","50711","50","504061"
52001,"52001000","PASTO NARINO","52001","52","520003"
52019,"52019000","ALBAN NARINO","52019","52","521050"
52022,"52022000","ALDANA NARINO","52022","52","524540"
52036,"52036000","ANCUYA NARINO","52036","52","526001"
52051,"52051000","ARBOLEDA NARINO","52051","52","520570"
52079,"52079000","BARBACOAS NARINO","52079","52","528060"
52083,"52083000","BELEN NARINO","52083","52","521080"
52110,"52110000","BUESACO NARINO","52110","52","520501"
52203,"52203000","COLON NARINO","52203","52","521060"
52207,"52207000","CONSACA NARINO","52207","52","522540"
52210,"52210000","CONTADERO NARINO","52210","52","523080"
52215,"52215000","CORDOBA NARINO","52215","52","524001"
52224,"52224000","CUASPUD NARINO","52224","52","524560"
52227,"52227000","CUMBAL NARINO","52227","52","525001"
52233,"52233000","CUMBITARA NARINO","52233","52","526560"
52240,"52240000","CHACHAGUI NARINO","52240","52","522001"
52250,"52250000","EL CHARCO NARINO","52250","52","527520"
52254,"52254000","EL PENOL NARINO","52254","52","522080"
52256,"52256000","EL ROSARIO NARINO","52256","52","527030"
52258,"52258000","EL TABLON DE GOMEZ NARINO","52258","52","520538"
52260,"52260000","EL TAMBO NARINO","52260","52","522060"
52287,"52287000","FUNES NARINO","52287","52","523520"
52317,"52317000","GUACHUCAL NARINO","52317","52","524580"
52320,"52320000","GUAITARILLA NARINO","52320","52","525501"
52323,"52323000","GUALMATAN NARINO","52323","52","524501"
52352,"52352000","ILES NARINO","52352","52","523060"
52354,"52354000","IMUES NARINO","52354","52","523020"
52356,"52356000","IPIALES NARINO","52356","52","524060"
52378,"52378000","LA CRUZ NARINO","52378","52","521020"
52381,"52381000","LA FLORIDA NARINO","52381","52","522040"
52385,"52385000","LA LLANADA NARINO","52385","52","526501"
52390,"52390000","LA TOLA NARINO","52390","52","527540"
52399,"52399000","LA UNION NARINO","52399","52","521520"
52405,"52405000","LEIVA NARINO","52405","52","527060"
52411,"52411000","LINARES NARINO","52411","52","522501"
52418,"52418000","LOS ANDES NARINO","52418","52","526520"
52427,"52427000","MAGUI NARINO","52427","52","528001"
52435,"52435000","MALLAMA NARINO","52435","52","525060"
52473,"52473000","MOSQUERA NARINO","52473","52","527580"
52480,"52480000","NARINO NARINO","52480","52","522020"
52490,"52490000","OLAYA HERRERA NARINO","52490","52","527560"
52506,"52506000","OSPINA NARINO","52506","52","523040"
52520,"52520000","FRANCISCO PIZARRO NARINO","52520","52","528560"
52540,"52540000","POLICARPA NARINO","52540","52","527007"
52560,"52560000","POTOSI NARINO","52560","52","524030"
52565,"52565000","PROVIDENCIA NARINO","52565","52","526020"
52573,"52573000","PUERRES NARINO","52573","52","523540"
52585,"52585000","PUPIALES NARINO","52585","52","524520"
52612,"52612000","RICAURTE NARINO","52612","52","525030"
52621,"52621000","ROBERTO PAYAN NARINO","52621","52","528030"
52678,"52678000","SAMANIEGO NARINO","52678","52","526040"
52683,"52683000","SANDONA NARINO","52683","52","522520"
52685,"52685000","SAN BERNARDO NARINO","52685","52","521001"
52687,"52687000","SAN LORENZO NARINO","52687","52","521540"
52693,"52693000","SAN PABLO NARINO","52693","52","521040"
52694,"52694000","SAN PEDRO DE CARTAGO NARINO","52694","52","521501"
52696,"52696000","SANTA BARBARA NARINO","52696","52","527501"
52699,"52699000","SANTACRUZ NARINO","52699","52","525570"
52720,"52720000","SAPUYES NARINO","52720","52","525550"
52786,"52786000","TAMINANGO NARINO","52786","52","521560"
52788,"52788000","TANGUA NARINO","52788","52","523501"
52835,"52835000","TUMACO NARINO","52835","52","528502"
52838,"52838000","TUQUERRES NARINO","52838","52","525520"
52885,"52885000","YACUANQUER NARINO","52885","52","523001"
54001,"54001000","CUCUTA NORTE DE SANTANDER","54001","54","540003"
54003,"54003000","ABREGO NORTE DE SANTANDER","54003","54","546070"
54051,"54051000","ARBOLEDAS NORTE DE SANTANDER","54051","54","544550"
54099,"54099000","BOCHALEMA NORTE DE SANTANDER","54099","54","543010"
54109,"54109000","BUCARASICA NORTE DE SANTANDER","54109","54","545550"
54125,"54125000","CACOTA NORTE DE SANTANDER","54125","54","544010"
54128,"54128000","CACHIRA NORTE DE SANTANDER","54128","54","546030"
54172,"54172000","CHINACOTA NORTE DE SANTANDER","54172","54","541070"
54174,"54174000","CHITAGA NORTE DE SANTANDER","54174","54","544030"
54206,"54206000","CONVENCION NORTE DE SANTANDER","54206","54","547050"
54223,"54223000","CUCUTILLA NORTE DE SANTANDER","54223","54","544520"
54239,"54239000","DURANIA NORTE DE SANTANDER","54239","54","544510"
54245,"54245000","EL CARMEN NORTE DE SANTANDER","54245","54","547070"
54250,"54250000","EL TARRA NORTE DE SANTANDER","54250","54","548050"
54261,"54261000","EL ZULIA NORTE DE SANTANDER","54261","54","545510"
54313,"54313000","GRAMALOTE NORTE DE SANTANDER","54313","54","545050"
54344,"54344000","HACARI NORTE DE SANTANDER","54344","54","546510"
54347,"54347000","HERRAN NORTE DE SANTANDER","54347","54","542010"
54377,"54377000","LABATECA NORTE DE SANTANDER","54377","54","542050"
54385,"54385000","LA ESPERANZA NORTE DE SANTANDER","54385","54","546050"
54398,"54398000","LA PLAYA NORTE DE SANTANDER","54398","54","546530"
54405,"54405000","LOS PATIOS NORTE DE SANTANDER","54405","54","541010"
54418,"54418000","LOURDES NORTE DE SANTANDER","54418","54","545070"
54480,"54480000","MUTISCUA NORTE DE SANTANDER","54480","54","544070"
54498,"54498000","OCANA NORTE DE SANTANDER","54498","54","546552"
54518,"54518000","PAMPLONA NORTE DE SANTANDER","54518","54","543050"
54520,"54520000","PAMPLONITA NORTE DE SANTANDER","54520","54","543030"
54553,"54553000","PUERTO SANTANDER NORTE DE SANTANDER","54553","54","548030"
54599,"54599000","RAGONVALIA NORTE DE SANTANDER","54599","54","541050"
54660,"54660000","SALAZAR NORTE DE SANTANDER","54660","54","544570"
54670,"54670000","SAN CALIXTO NORTE DE SANTANDER","54670","54","547010"
54673,"54673000","SAN CAYETANO NORTE DE SANTANDER","54673","54","545010"
54680,"54680000","SANTIAGO NORTE DE SANTANDER","54680","54","545030"
54720,"54720000","SARDINATA NORTE DE SANTANDER","54720","54","545530"
54743,"54743000","SILOS NORTE DE SANTANDER","54743","54","544050"
54800,"54800000","TEORAMA NORTE DE SANTANDER","54800","54","547030"
54810,"54810000","TIBU NORTE DE SANTANDER","54810","54","548010"
54820,"54820000","TOLEDO NORTE DE SANTANDER","54820","54","542030"
54871,"54871000","VILLA CARO NORTE DE SANTANDER","54871","54","546010"
54874,"54874000","VILLA DEL ROSARIO NORTE DE SANTANDER","54874","54","541030"
63001,"63001000","ARMENIA QUINDIO","63001","63","630002"
63111,"63111000","BUENAVISTA QUINDIO","63111","63","632040"
63130,"63130000","CALARCA QUINDIO","63130","63","632001"
63190,"63190000","CIRCASIA QUINDIO","63190","63","631001"
63212,"63212000","CORDOBA QUINDIO","63212","63","632020"
63272,"63272000","FILANDIA QUINDIO","63272","63","634001"
63302,"63302000","GENOVA QUINDIO","63302","63","632080"
63401,"63401000","LA TEBAIDA QUINDIO","63401","63","633020"
63470,"63470000","MONTENEGRO QUINDIO","63470","63","633001"
63548,"63548000","PIJAO QUINDIO","63548","63","632060"
63594,"63594000","QUIMBAYA QUINDIO","63594","63","634020"
63690,"63690000","SALENTO QUINDIO","63690","63","631020"
66001,"66001000","PEREIRA RISARALDA","66001","66","660004"
66045,"66045000","APIA RISARALDA","66045","66","663030"
66075,"66075000","BALBOA RISARALDA","66075","66","662010"
66088,"66088000","BELEN DE UMBRIA RISARALDA","66088","66","664040"
66170,"66170000","DOSQUEBRADAS RISARALDA","66170","66","661002"
66318,"66318000","GUATICA RISARALDA","66318","66","664010"
66383,"66383000","LA CELIA RISARALDA","66383","66","662030"
66400,"66400000","LA VIRGINIA RISARALDA","66400","66","662001"
66440,"66440000","MARSELLA RISARALDA","66440","66","661040"
66456,"66456000","MISTRATO RISARALDA","66456","66","664020"
66572,"66572000","PUEBLO RICO RISARALDA","66572","66","663011"
66594,"66594000","QUINCHIA RISARALDA","66594","66","664001"
66682,"66682000","SANTA ROSA DE CABAL RISARALDA","66682","66","661020"
66687,"66687000","SANTUARIO RISARALDA","66687","66","663001"
68001,"68001000","BUCARAMANGA SANTANDER","68001","68","680006"
68013,"68013000","AGUADA SANTANDER","68013","68","685521"
68020,"68020000","ALBANIA SANTANDER","68020","68","684531"
68051,"68051000","ARATOCA SANTANDER","68051","68","682051"
68077,"68077000","BARBOSA SANTANDER","68077","68","684511"
68079,"68079000","BARICHARA SANTANDER","68079","68","684041"
68081,"68081000","BARRANCABERMEJA SANTANDER","68081","68","687033"
68092,"68092000","BETULIA SANTANDER","68092","68","686501"
68101,"68101000","BOLIVAR SANTANDER","68101","68","685001"
68121,"68121000","CABRERA SANTANDER","68121","68","683501"
68132,"68132000","CALIFORNIA SANTANDER","68132","68","680511"
68147,"68147000","CAPITANEJO SANTANDER","68147","68","681541"
68152,"68152000","CARCASI SANTANDER","68152","68","681521"
68160,"68160000","CEPITA SANTANDER","68160","68","682061"
68162,"68162000","CERRITO SANTANDER","68162","68","681501"
68167,"68167000","CHARALA SANTANDER","68167","68","682551"
68169,"68169000","CHARTA SANTANDER","68169","68","680551"
68176,"68176000","CHIMA SANTANDER","68176","68","683001"
68179,"68179000","CHIPATA SANTANDER","68179","68","685551"
68190,"68190000","CIMITARRA SANTANDER","68190","68","686041"
68207,"68207000","CONCEPCION SANTANDER","68207","68","681511"
68209,"68209000","CONFINES SANTANDER","68209","68","683531"
68211,"68211000","CONTRATACION SANTANDER","68211","68","683061"
68217,"68217000","COROMORO SANTANDER","68217","68","682531"
68229,"68229000","CURITI SANTANDER","68229","68","682041"
68235,"68235000","EL CARMEN DE CHUCURI SANTANDER","68235","68","686561"
68245,"68245000","EL GUACAMAYO SANTANDER","68245","68","683071"
68250,"68250000","EL PENON SANTANDER","68250","68","685021"
68255,"68255000","EL PLAYON SANTANDER","68255","68","687501"
68264,"68264000","ENCINO SANTANDER","68264","68","682541"
68266,"68266000","ENCISO SANTANDER","68266","68","681561"
68271,"68271000","FLORIAN SANTANDER","68271","68","684541"
68276,"68276000","FLORIDABLANCA SANTANDER","68276","68","681002"
68296,"68296000","GALAN SANTANDER","68296","68","684051"
68298,"68298000","GAMBITA SANTANDER","68298","68","683031"
68307,"68307000","GIRON SANTANDER","68307","68","687541"
68318,"68318000","GUACA SANTANDER","68318","68","681031"
68320,"68320000","GUADALUPE SANTANDER","68320","68","683051"
68322,"68322000","GUAPOTA SANTANDER","68322","68","683011"
68324,"68324000","GUAVATA SANTANDER","68324","68","684501"
68327,"68327000","GUEPSA SANTANDER","68327","68","685547"
68344,"68344000","HATO SANTANDER","68344","68","683571"
68368,"68368000","JESUS MARIA SANTANDER","68368","68","684551"
68370,"68370000","JORDAN SANTANDER","68370","68","684011"
68377,"68377000","LA BELLEZA SANTANDER","68377","68","685061"
68385,"68385000","LANDAZURI SANTANDER","68385","68","686021"
68397,"68397000","LA PAZ SANTANDER","68397","68","685511"
68406,"68406000","LEBRIJA SANTANDER","68406","68","687571"
68418,"68418000","LOS SANTOS SANTANDER","68418","68","684001"
68425,"68425000","MACARAVITA SANTANDER","68425","68","681531"
68432,"68432000","MALAGA SANTANDER","68432","68","682011"
68444,"68444000","MATANZA SANTANDER","68444","68","680561"
68464,"68464000","MOGOTES SANTANDER","68464","68","682501"
68468,"68468000","MOLAGAVITA SANTANDER","68468","68","682031"
68498,"68498000","OCAMONTE SANTANDER","68498","68","682561"
68500,"68500000","OIBA SANTANDER","68500","68","683021"
68502,"68502000","ONZAGA SANTANDER","68502","68","682521"
68522,"68522000","PALMAR SANTANDER","68522","68","683581"
68524,"68524000","PALMAS DEL SOCORRO SANTANDER","68524","68","683541"
68533,"68533000","PARAMO SANTANDER","68533","68","683521"
68547,"68547000","PIEDECUESTA SANTANDER","68547","68","681012"
68549,"68549000","PINCHOTE SANTANDER","68549","68","683511"
68572,"68572000","PUENTE NACIONAL SANTANDER","68572","68","684521"
68573,"68573000","PUERTO PARRA SANTANDER","68573","68","686001"
68575,"68575000","PUERTO WILCHES SANTANDER","68575","68","687061"
68615,"68615000","RIONEGRO SANTANDER","68615","68","687511"
68655,"68655000","SABANA DE TORRES SANTANDER","68655","68","687001"
68669,"68669000","SAN ANDRES SANTANDER","68669","68","682001"
68673,"68673000","SAN BENITO SANTANDER","68673","68","685531"
68679,"68679000","SAN GIL SANTANDER","68679","68","684031"
68682,"68682000","SAN JOAQUIN SANTANDER","68682","68","682511"
68684,"68684000","SAN JOSE DE MIRANDA SANTANDER","68684","68","682021"
68686,"68686000","SAN MIGUEL SANTANDER","68686","68","681551"
68689,"68689000","SAN VICENTE DE CHUCURI SANTANDER","68689","68","686531"
68705,"68705000","SANTA BARBARA SANTANDER","68705","68","681021"
68720,"68720000","SANTA HELENA DEL OPON SANTANDER","68720","68","685501"
68745,"68745000","SIMACOTA SANTANDER","68745","68","683561"
68755,"68755000","SOCORRO SANTANDER","68755","68","683551"
68770,"68770000","SUAITA SANTANDER","68770","68","683041"
68773,"68773000","SUCRE SANTANDER","68773","68","685041"
68780,"68780000","SURATA SANTANDER","68780","68","680501"
68820,"68820000","TONA SANTANDER","68820","68","680541"
68855,"68855000","VALLE DE SAN JOSE SANTANDER","68855","68","682571"
68861,"68861000","VELEZ SANTANDER","68861","68","685561"
68867,"68867000","VETAS SANTANDER","68867","68","680531"
68872,"68872000","VILLANUEVA SANTANDER","68872","68","684021"
68895,"68895000","ZAPATOCA SANTANDER","68895","68","684061"
70001,"70001000","SINCELEJO SUCRE","70001","70","700002"
70110,"70110000","BUENAVISTA SUCRE","70110","70","702030"
70124,"70124000","CAIMITO SUCRE","70124","70","704010"
70204,"70204000","COLOSO SUCRE","70204","70","707030"
70215,"70215000","COROZAL SUCRE","70215","70","705030"
70221,"70221000","COVEÑAS SUCRE","70221","70","706050"
70230,"70230000","CHALAN SUCRE","70230","70","701010"
70233,"70233000","EL ROBLE SUCRE","70233","70","705050"
70235,"70235000","GALERAS SUCRE","70235","70","702050"
70265,"70265000","GUARANDA SUCRE","70265","70","703070"
70400,"70400000","LA UNION SUCRE","70400","70","704050"
70418,"70418000","LOS PALMITOS SUCRE","70418","70","701050"
70429,"70429000","MAJAGUAL SUCRE","70429","70","703050"
70473,"70473000","MORROA SUCRE","70473","70","701070"
70508,"70508000","OVEJAS SUCRE","70508","70","701030"
70523,"70523000","PALMITO SUCRE","70523","70","706030"
70670,"70670000","SAMPUES SUCRE","70670","70","705070"
70678,"70678000","SAN BENITO ABAD SUCRE","70678","70","703010"
70702,"70702000","SAN JUAN DE BETULIA SUCRE","70702","70","705010"
70708,"70708000","SAN MARCOS SUCRE","70708","70","704030"
70713,"70713000","SAN ONOFRE SUCRE","70713","70","707010"
70717,"70717000","SAN PEDRO SUCRE","70717","70","702010"
70742,"70742000","SINCE SUCRE","70742","70","705039"
70771,"70771000","SUCRE SUCRE","70771","70","703030"
70820,"70820000","SANTIAGO DE TOLU SUCRE","70820","70","706010"
70823,"70823000","TOLUVIEJO SUCRE","70823","70","707050"
73001,"73001000","IBAGUE TOLIMA","73001","73","730006"
73024,"73024000","ALPUJARRA TOLIMA","73024","73","734560"
73026,"73026000","ALVARADO TOLIMA","73026","73","730520"
73030,"73030000","AMBALEMA TOLIMA","73030","73","731001"
73043,"73043000","ANZOATEGUI TOLIMA","73043","73","730540"
73055,"73055000","ARMERO GUAYABAL TOLIMA","73055","73","732060"
73067,"73067000","ATACO TOLIMA","73067","73","735050"
73124,"73124000","CAJAMARCA TOLIMA","73124","73","732501"
73148,"73148000","CARMEN DE APICALA TOLIMA","73148","73","733590"
73152,"73152000","CASABIANCA TOLIMA","73152","73","731520"
73168,"73168000","CHAPARRAL TOLIMA","73168","73","735560"
73200,"73200000","COELLO TOLIMA","73200","73","733501"
73217,"73217000","COYAIMA TOLIMA","73217","73","735020"
73226,"73226000","CUNDAY TOLIMA","73226","73","734040"
73236,"73236000","DOLORES TOLIMA","73236","73","734540"
73268,"73268000","ESPINAL TOLIMA","73268","73","733520"
73270,"73270000","FALAN TOLIMA","73270","73","732001"
73275,"73275000","FLANDES TOLIMA","73275","73","733510"
73283,"73283000","FRESNO TOLIMA","73283","73","731560"
73319,"73319000","GUAMO TOLIMA","73319","73","733540"
73347,"73347000","HERVEO TOLIMA","73347","73","731540"
73349,"73349000","HONDA TOLIMA","73349","73","732040"
73352,"73352000","ICONONZO TOLIMA","73352","73","734020"
73408,"73408000","LERIDA TOLIMA","73408","73","731020"
73411,"73411000","LIBANO TOLIMA","73411","73","731040"
73443,"73443000","MARIQUITA TOLIMA","73443","73","732027"
73449,"73449000","MELGAR TOLIMA","73449","73","734001"
73461,"73461000","MURILLO TOLIMA","73461","73","731060"
73483,"73483000","NATAGAIMA TOLIMA","73483","73","735001"
73504,"73504000","ORTEGA TOLIMA","73504","73","735501"
73520,"73520000","PALOCABILDO TOLIMA","73520","73","731580"
73547,"73547000","PIEDRAS TOLIMA","73547","73","730501"
73555,"73555000","PLANADAS TOLIMA","73555","73","735070"
73563,"73563000","PRADO TOLIMA","73563","73","734520"
73585,"73585000","PURIFICACION TOLIMA","73585","73","734501"
73616,"73616000","RIOBLANCO TOLIMA","73616","73","735580"
73622,"73622000","RONCESVALLES TOLIMA","73622","73","735550"
73624,"73624000","ROVIRA TOLIMA","73624","73","733040"
73671,"73671000","SALDANA TOLIMA","73671","73","733570"
73675,"73675000","SAN ANTONIO TOLIMA","73675","73","735530"
73678,"73678000","SAN LUIS TOLIMA","73678","73","733001"
73686,"73686000","SANTA ISABEL TOLIMA","73686","73","730560"
73770,"73770000","SUAREZ TOLIMA","73770","73","733580"
73854,"73854000","VALLE DE SAN JUAN TOLIMA","73854","73","733020"
73861,"73861000","VENADILLO TOLIMA","73861","73","730580"
73870,"73870000","VILLAHERMOSA TOLIMA","73870","73","731501"
73873,"73873000","VILLARRICA TOLIMA","73873","73","734060"
76001,"76001000","CALI VALLE DEL CAUCA","76001","76","760042"
76020,"76020000","ALCALA VALLE DEL CAUCA","76020","76","762040"
76036,"76036000","ANDALUCIA VALLE DEL CAUCA","76036","76","763010"
76041,"76041000","ANSERMANUEVO VALLE DEL CAUCA","76041","76","762010"
76054,"76054000","ARGELIA VALLE DEL CAUCA","76054","76","761510"
76100,"76100000","BOLIVAR VALLE DEL CAUCA","76100","76","761001"
76109,"76109000","BUENAVENTURA VALLE DEL CAUCA","76109","76","764504"
76111,"76111000","GUADALAJARA DE BUGA VALLE DEL CAUCA","76111","76","763042"
76113,"76113000","BUGALAGRANDE VALLE DEL CAUCA","76113","76","763001"
76122,"76122000","CAICEDONIA VALLE DEL CAUCA","76122","76","762540"
76126,"76126000","CALIMA VALLE DEL CAUCA","76126","76","760530"
76130,"76130000","CANDELARIA VALLE DEL CAUCA","76130","76","763570"
76147,"76147000","CARTAGO VALLE DEL CAUCA","76147","76","762021"
76233,"76233000","DAGUA VALLE DEL CAUCA","76233","76","760520"
76243,"76243000","EL AGUILA VALLE DEL CAUCA","76243","76","762001"
76246,"76246000","EL CAIRO VALLE DEL CAUCA","76246","76","761501"
76248,"76248000","EL CERRITO VALLE DEL CAUCA","76248","76","763520"
76250,"76250000","EL DOVIO VALLE DEL CAUCA","76250","76","761560"
76275,"76275000","FLORIDA VALLE DEL CAUCA","76275","76","763560"
76306,"76306000","GINEBRA VALLE DEL CAUCA","76306","76","763510"
76318,"76318000","GUACARI VALLE DEL CAUCA","76318","76","763501"
76364,"76364000","JAMUNDI VALLE DEL CAUCA","76364","76","764001"
76377,"76377000","LA CUMBRE VALLE DEL CAUCA","76377","76","760510"
76400,"76400000","LA UNION VALLE DEL CAUCA","76400","76","761540"
76403,"76403000","LA VICTORIA VALLE DEL CAUCA","76403","76","762510"
76497,"76497000","OBANDO VALLE DEL CAUCA","76497","76","762501"
76520,"76520000","PALMIRA VALLE DEL CAUCA","76520","76","763532"
76563,"76563000","PRADERA VALLE DEL CAUCA","76563","76","763550"
76606,"76606000","RESTREPO VALLE DEL CAUCA","76606","76","760540"
76616,"76616000","RIOFRIO VALLE DEL CAUCA","76616","76","761030"
76622,"76622000","ROLDANILLO VALLE DEL CAUCA","76622","76","761550"
76670,"76670000","SAN PEDRO VALLE DEL CAUCA","76670","76","763030"
76736,"76736000","SEVILLA VALLE DEL CAUCA","76736","76","762530"
76823,"76823000","TORO VALLE DEL CAUCA","76823","76","761520"
76828,"76828000","TRUJILLO VALLE DEL CAUCA","76828","76","761020"
76834,"76834000","TULUA VALLE DEL CAUCA","76834","76","763022"
76845,"76845000","ULLOA VALLE DEL CAUCA","76845","76","762030"
76863,"76863000","VERSALLES VALLE DEL CAUCA","76863","76","761530"
76869,"76869000","VIJES VALLE DEL CAUCA","76869","76","760550"
76890,"76890000","YOTOCO VALLE DEL CAUCA","76890","76","761040"
76892,"76892000","YUMBO VALLE DEL CAUCA","76892","76","760501"
76895,"76895000","ZARZAL VALLE DEL CAUCA","76895","76","762520"
81001,"81001000","ARAUCA ARAUCA","81001","81","810001"
81065,"81065000","ARAUQUITA ARAUCA","81065","81","816010"
81220,"81220000","CRAVO NORTE ARAUCA","81220","81","812010"
81300,"81300000","FORTUL ARAUCA","81300","81","814050"
81591,"81591000","PUERTO RONDON ARAUCA","81591","81","813010"
81736,"81736000","SARAVENA ARAUCA","81736","81","815010"
81794,"81794000","TAME ARAUCA","81794","81","814010"
85001,"85001000","YOPAL CASANARE","85001","85","850002"
85010,"85010000","AGUAZUL CASANARE","85010","85","856010"
85015,"85015000","CHAMEZA CASANARE","85015","85","856030"
85125,"85125000","HATO COROZAL CASANARE","85125","85","852010"
85136,"85136000","LA SALINA CASANARE","85136","85","851010"
85139,"85139000","MANI CASANARE","85139","85","854010"
85162,"85162000","MONTERREY CASANARE","85162","85","855010"
85225,"85225000","NUNCHIA CASANARE","85225","85","851070"
85230,"85230000","OROCUE CASANARE","85230","85","853050"
85250,"85250000","PAZ DE ARIPORO CASANARE","85250","85","852030"
85263,"85263000","PORE CASANARE","85263","85","852050"
85279,"85279000","RECETOR CASANARE","85279","85","856050"
85300,"85300000","SABANALARGA CASANARE","85300","85","855050"
85315,"85315000","SACAMA CASANARE","85315","85","851030"
85325,"85325000","SAN LUIS DE PALENQUE CASANARE","85325","85","853030"
85400,"85400000","TAMARA CASANARE","85400","85","851050"
85410,"85410000","TAURAMENA CASANARE","85410","85","854030"
85430,"85430000","TRINIDAD CASANARE","85430","85","853010"
85440,"85440000","VILLANUEVA CASANARE","85440","85","855030"
86001,"86001000","MOCOA PUTUMAYO","86001","86","860001"
86219,"86219000","COLON PUTUMAYO","86219","86","861040"
86320,"86320000","ORITO PUTUMAYO","86320","86","862001"
86568,"86568000","PUERTO ASIS PUTUMAYO","86568","86","862060"
86569,"86569000","PUERTO CAICEDO PUTUMAYO","86569","86","862080"
86571,"86571000","PUERTO GUZMAN PUTUMAYO","86571","86","863001"
86573,"86573000","LEGUIZAMO PUTUMAYO","86573","86","864001"
86749,"86749000","SIBUNDOY PUTUMAYO","86749","86","861020"
86755,"86755000","SAN FRANCISCO PUTUMAYO","86755","86","861001"
86757,"86757000","SAN MIGUEL PUTUMAYO","86757","86","862040"
86760,"86760000","SANTIAGO PUTUMAYO","86760","86","861060"
86865,"86865000","VALLE DEL GUAMUEZ PUTUMAYO","86865","86","862020"
86885,"86885000","VILLAGARZON PUTUMAYO","86885","86","861080"
88001,"88001000","SAN ANDRES 1 ARCHIP. SAN ANDRES PROVID","88001","88","880007"
88564,"88564000","PROVIDENCIA ARCHIP. SAN ANDRES PROVID","88564","88","880027"
91001,"91001000","LETICIA AMAZONAS","91001","91","910001"
91263,"91263000","EL ENCANTO AMAZONAS","91263","91","913010"
91405,"91405000","LA CHORRERA AMAZONAS","91405","91","914050"
91407,"91407000","LA PEDRERA AMAZONAS","91407","91","917010"
91430,"91430000","LA VICTORIA AMAZONAS","91430","91","916017"
91460,"91460000","MIRITI - PARANA AMAZONAS","91460","91","916057"
91530,"91530000","PUERTO ALEGRIA AMAZONAS","91530","91","913050"
91536,"91536000","PUERTO ARICA AMAZONAS","91536","91","912010"
91540,"91540000","PUERTO NARINO AMAZONAS","91540","91","911010"
91669,"91669000","PUERTO SANTANDER AMAZONAS","91669","91","915010"
91798,"91798000","TARAPACA AMAZONAS","91798","91","911030"
94001,"94001000","INIRIDA GUAINIA","94001","94","940001"
94343,"94343000","BARRANCO MINAS GUAINIA","94343","94","944010"
94663,"94663000","MAPIRIPANA GUAINIA","94663","94","944057"
94883,"94883000","SAN FELIPE GUAINIA","94883","94","942010"
94884,"94884000","PUERTO COLOMBIA GUAINIA","94884","94","941037"
94885,"94885000","LA GUADALUPE GUAINIA","94885","94","942057"
94886,"94886000","CACAHUAL GUAINIA","94886","94","941010"
94887,"94887000","PANA PANA GUAINIA","94887","94","943018"
94888,"94888000","MORICHAL GUAINIA","94888","94","943058"
95001,"95001000","SAN JOSE DEL GUAVIARE GUAVIARE","95001","95","950001"
95015,"95015000","CALAMAR GUAVIARE","95015","95","953001"
95025,"95025000","EL RETORNO GUAVIARE","95025","95","951001"
95200,"95200000","MIRAFLORES GUAVIARE","95200","95","952001"
97001,"97001000","MITU VAUPES","97001","97","970001"
97161,"97161000","CARURU VAUPES","97161","97","973001"
97511,"97511000","PACOA VAUPES","97511","97","972007"
97666,"97666000","TARAIRA VAUPES","97666","97","972040"
97777,"97777000","PAPUNAUA VAUPES","97777","97","973047"
97889,"97889000","YAVARATE VAUPES","97889","97","971008"
99001,"99001000","PUERTO CARRENO VICHADA","99001","99","990001"
99524,"99524000","LA PRIMAVERA VICHADA","99524","99","992001"
99624,"99624000","SANTA ROSALIA VICHADA","99624","99","992050"
99773,"99773000","CUMARIBO VICHADA","99773","99","991001"
